client_id,moment_de_vie,date_evenement,horizon_prediction
CLI_000002,mariage,2023-04-03,12_mois
CLI_000002,changement_emploi,2023-08-12,12_mois
CLI_000006,changement_emploi,2023-02-17,12_mois
CLI_000007,deces_proche,2023-11-29,12_mois
CLI_000008,achat_immobilier,2023-07-18,12_mois
CLI_000009,changement_emploi,2023-05-25,12_mois
CLI_000012,achat_immobilier,2023-06-08,12_mois
CLI_000021,changement_emploi,2023-12-03,12_mois
CLI_000028,changement_emploi,2023-06-08,12_mois
CLI_000035,achat_immobilier,2023-10-06,12_mois
CLI_000037,creation_entreprise,2023-10-23,12_mois
CLI_000042,mariage,2023-05-11,12_mois
CLI_000043,naissance,2023-12-22,12_mois
CLI_000043,changement_emploi,2023-07-04,12_mois
CLI_000046,achat_immobilier,2023-07-08,12_mois
CLI_000050,naissance,2023-11-22,12_mois
CLI_000050,deces_proche,2023-04-30,12_mois
CLI_000055,changement_emploi,2023-05-16,12_mois
CLI_000057,achat_immobilier,2023-07-19,12_mois
CLI_000071,changement_emploi,2023-06-15,12_mois
CLI_000073,changement_emploi,2023-03-31,12_mois
CLI_000074,changement_emploi,2023-06-25,12_mois
CLI_000076,changement_emploi,2023-06-20,12_mois
CLI_000078,divorce,2023-10-20,12_mois
CLI_000084,changement_emploi,2023-03-17,12_mois
CLI_000087,changement_emploi,2023-04-20,12_mois
CLI_000093,achat_immobilier,2023-03-20,12_mois
CLI_000095,creation_entreprise,2023-05-15,12_mois
CLI_000098,achat_immobilier,2023-04-10,12_mois
CLI_000100,divorce,2023-01-02,12_mois
CLI_000105,changement_emploi,2023-11-06,12_mois
CLI_000107,divorce,2023-10-22,12_mois
CLI_000126,mariage,2023-08-08,12_mois
CLI_000137,achat_immobilier,2023-09-19,12_mois
CLI_000139,naissance,2023-06-08,12_mois
CLI_000143,deces_proche,2023-08-26,12_mois
CLI_000151,naissance,2023-01-11,12_mois
CLI_000159,naissance,2023-06-24,12_mois
CLI_000178,achat_immobilier,2023-05-20,12_mois
CLI_000188,achat_immobilier,2023-10-18,12_mois
CLI_000191,retraite,2023-02-20,12_mois
CLI_000200,changement_emploi,2023-11-23,12_mois
CLI_000209,achat_immobilier,2023-10-14,12_mois
CLI_000209,changement_emploi,2023-02-27,12_mois
CLI_000221,deces_proche,2023-05-27,12_mois
CLI_000253,achat_immobilier,2023-06-26,12_mois
CLI_000256,naissance,2023-10-03,12_mois
CLI_000260,changement_emploi,2023-09-17,12_mois
CLI_000271,achat_immobilier,2023-09-17,12_mois
CLI_000272,achat_immobilier,2023-04-08,12_mois
CLI_000275,achat_immobilier,2023-06-07,12_mois
CLI_000287,creation_entreprise,2023-06-09,12_mois
CLI_000289,achat_immobilier,2023-10-21,12_mois
CLI_000300,divorce,2023-06-16,12_mois
CLI_000304,divorce,2023-07-03,12_mois
CLI_000319,changement_emploi,2023-02-04,12_mois
CLI_000322,achat_immobilier,2023-06-15,12_mois
CLI_000328,changement_emploi,2023-04-30,12_mois
CLI_000341,deces_proche,2023-08-12,12_mois
CLI_000349,changement_emploi,2023-09-03,12_mois
CLI_000353,naissance,2023-06-24,12_mois
CLI_000358,achat_immobilier,2023-10-15,12_mois
CLI_000360,changement_emploi,2023-07-06,12_mois
CLI_000360,deces_proche,2023-01-20,12_mois
CLI_000377,creation_entreprise,2023-07-09,12_mois
CLI_000393,changement_emploi,2023-10-18,12_mois
CLI_000393,divorce,2023-02-27,12_mois
CLI_000414,changement_emploi,2023-08-20,12_mois
CLI_000428,changement_emploi,2023-07-01,12_mois
CLI_000447,changement_emploi,2023-07-12,12_mois
CLI_000458,changement_emploi,2023-11-06,12_mois
CLI_000468,achat_immobilier,2023-01-16,12_mois
CLI_000468,deces_proche,2023-10-10,12_mois
CLI_000488,changement_emploi,2023-07-22,12_mois
CLI_000490,mariage,2023-01-30,12_mois
CLI_000498,changement_emploi,2023-03-28,12_mois
CLI_000511,mariage,2023-09-04,12_mois
CLI_000512,creation_entreprise,2023-02-04,12_mois
CLI_000528,changement_emploi,2023-07-07,12_mois
CLI_000528,creation_entreprise,2023-04-28,12_mois
CLI_000530,changement_emploi,2023-07-07,12_mois
CLI_000542,creation_entreprise,2023-10-10,12_mois
CLI_000543,changement_emploi,2023-10-03,12_mois
CLI_000544,deces_proche,2023-03-22,12_mois
CLI_000545,achat_immobilier,2023-09-25,12_mois
CLI_000558,deces_proche,2023-09-08,12_mois
CLI_000562,mariage,2023-03-11,12_mois
CLI_000564,mariage,2023-10-17,12_mois
CLI_000568,naissance,2023-06-25,12_mois
CLI_000568,changement_emploi,2023-07-27,12_mois
CLI_000570,changement_emploi,2023-02-15,12_mois
CLI_000573,changement_emploi,2023-06-05,12_mois
CLI_000580,changement_emploi,2023-03-29,12_mois
CLI_000583,deces_proche,2023-02-17,12_mois
CLI_000595,changement_emploi,2023-02-04,12_mois
CLI_000602,changement_emploi,2023-05-18,12_mois
CLI_000603,changement_emploi,2023-06-30,12_mois
CLI_000604,retraite,2023-03-28,12_mois
CLI_000605,achat_immobilier,2023-09-12,12_mois
CLI_000607,achat_immobilier,2023-07-06,12_mois
CLI_000609,naissance,2023-10-12,12_mois
CLI_000616,deces_proche,2023-08-05,12_mois
CLI_000625,divorce,2023-10-25,12_mois
CLI_000639,changement_emploi,2023-05-16,12_mois
CLI_000642,changement_emploi,2023-04-03,12_mois
CLI_000645,creation_entreprise,2023-03-22,12_mois
CLI_000646,changement_emploi,2023-07-21,12_mois
CLI_000663,creation_entreprise,2023-10-04,12_mois
CLI_000670,creation_entreprise,2023-08-19,12_mois
CLI_000676,changement_emploi,2023-01-17,12_mois
CLI_000681,divorce,2023-01-02,12_mois
CLI_000683,creation_entreprise,2023-03-20,12_mois
CLI_000684,mariage,2023-04-14,12_mois
CLI_000684,creation_entreprise,2023-01-01,12_mois
CLI_000691,naissance,2023-04-27,12_mois
CLI_000698,achat_immobilier,2023-10-22,12_mois
CLI_000702,changement_emploi,2023-05-21,12_mois
CLI_000705,achat_immobilier,2023-05-10,12_mois
CLI_000714,divorce,2023-11-02,12_mois
CLI_000718,changement_emploi,2023-04-19,12_mois
CLI_000723,mariage,2023-12-14,12_mois
CLI_000743,naissance,2023-01-01,12_mois
CLI_000746,changement_emploi,2023-02-12,12_mois
CLI_000758,changement_emploi,2023-10-05,12_mois
CLI_000759,divorce,2023-01-01,12_mois
CLI_000768,naissance,2023-07-25,12_mois
CLI_000768,changement_emploi,2023-12-05,12_mois
CLI_000779,deces_proche,2023-02-17,12_mois
CLI_000788,deces_proche,2023-03-21,12_mois
CLI_000789,changement_emploi,2023-02-06,12_mois
CLI_000793,changement_emploi,2023-02-16,12_mois
CLI_000797,naissance,2023-06-19,12_mois
CLI_000801,naissance,2023-01-14,12_mois
CLI_000808,mariage,2023-06-12,12_mois
CLI_000824,achat_immobilier,2023-04-18,12_mois
CLI_000833,deces_proche,2023-05-12,12_mois
CLI_000835,deces_proche,2023-01-17,12_mois
CLI_000846,deces_proche,2023-06-12,12_mois
CLI_000851,achat_immobilier,2023-12-04,12_mois
CLI_000858,achat_immobilier,2023-08-03,12_mois
CLI_000858,changement_emploi,2023-06-09,12_mois
CLI_000860,changement_emploi,2023-01-15,12_mois
CLI_000864,naissance,2023-01-13,12_mois
CLI_000868,achat_immobilier,2023-01-04,12_mois
CLI_000868,divorce,2023-10-06,12_mois
CLI_000876,changement_emploi,2023-07-13,12_mois
CLI_000884,changement_emploi,2023-08-19,12_mois
CLI_000893,creation_entreprise,2023-10-08,12_mois
CLI_000896,achat_immobilier,2023-12-28,12_mois
CLI_000897,deces_proche,2023-08-07,12_mois
CLI_000898,divorce,2023-07-27,12_mois
CLI_000904,naissance,2023-09-03,12_mois
CLI_000921,changement_emploi,2023-02-27,12_mois
CLI_000939,changement_emploi,2023-05-25,12_mois
CLI_000943,mariage,2023-06-03,12_mois
CLI_000951,naissance,2023-08-22,12_mois
CLI_000954,mariage,2023-01-20,12_mois
CLI_000970,changement_emploi,2023-02-04,12_mois
CLI_000971,divorce,2023-02-21,12_mois
CLI_000972,achat_immobilier,2023-10-12,12_mois
CLI_000980,achat_immobilier,2023-04-29,12_mois
CLI_000980,retraite,2023-09-26,12_mois
CLI_000995,changement_emploi,2023-11-11,12_mois
CLI_000996,changement_emploi,2023-11-14,12_mois
CLI_001006,changement_emploi,2023-01-18,12_mois
CLI_001007,naissance,2023-06-09,12_mois
CLI_001009,deces_proche,2023-12-02,12_mois
CLI_001018,deces_proche,2023-10-02,12_mois
CLI_001019,divorce,2023-07-03,12_mois
CLI_001020,divorce,2023-04-09,12_mois
CLI_001035,changement_emploi,2023-07-03,12_mois
CLI_001038,changement_emploi,2023-05-28,12_mois
CLI_001044,changement_emploi,2023-07-22,12_mois
CLI_001047,changement_emploi,2023-10-13,12_mois
CLI_001052,changement_emploi,2023-09-14,12_mois
CLI_001055,achat_immobilier,2023-06-22,12_mois
CLI_001056,creation_entreprise,2023-03-26,12_mois
CLI_001069,changement_emploi,2023-02-05,12_mois
CLI_001069,divorce,2023-03-05,12_mois
CLI_001071,changement_emploi,2023-11-13,12_mois
CLI_001077,changement_emploi,2023-01-07,12_mois
CLI_001079,changement_emploi,2023-06-25,12_mois
CLI_001090,achat_immobilier,2023-05-29,12_mois
CLI_001097,changement_emploi,2023-07-14,12_mois
CLI_001100,divorce,2023-02-22,12_mois
CLI_001108,naissance,2023-02-01,12_mois
CLI_001111,deces_proche,2023-04-14,12_mois
CLI_001111,creation_entreprise,2023-02-15,12_mois
CLI_001127,achat_immobilier,2023-04-18,12_mois
CLI_001129,naissance,2023-07-10,12_mois
CLI_001130,changement_emploi,2023-05-06,12_mois
CLI_001133,deces_proche,2023-10-18,12_mois
CLI_001134,changement_emploi,2023-07-15,12_mois
CLI_001140,naissance,2023-12-31,12_mois
CLI_001146,divorce,2023-09-13,12_mois
CLI_001150,creation_entreprise,2023-06-07,12_mois
CLI_001154,changement_emploi,2023-11-21,12_mois
CLI_001162,deces_proche,2023-03-17,12_mois
CLI_001164,changement_emploi,2023-01-02,12_mois
CLI_001171,mariage,2023-03-17,12_mois
CLI_001180,changement_emploi,2023-03-07,12_mois
CLI_001182,achat_immobilier,2023-09-03,12_mois
CLI_001188,retraite,2023-02-15,12_mois
CLI_001191,changement_emploi,2023-11-03,12_mois
CLI_001196,deces_proche,2023-05-05,12_mois
CLI_001205,achat_immobilier,2023-02-11,12_mois
CLI_001207,deces_proche,2023-08-14,12_mois
CLI_001213,achat_immobilier,2023-08-16,12_mois
CLI_001217,achat_immobilier,2023-01-26,12_mois
CLI_001219,mariage,2023-01-20,12_mois
CLI_001238,changement_emploi,2023-12-26,12_mois
CLI_001244,achat_immobilier,2023-07-08,12_mois
CLI_001248,mariage,2023-04-21,12_mois
CLI_001248,naissance,2023-02-11,12_mois
CLI_001262,divorce,2023-11-22,12_mois
CLI_001264,changement_emploi,2023-01-08,12_mois
CLI_001265,changement_emploi,2023-07-17,12_mois
CLI_001280,changement_emploi,2023-10-02,12_mois
CLI_001294,creation_entreprise,2023-07-09,12_mois
CLI_001297,achat_immobilier,2023-05-02,12_mois
CLI_001299,achat_immobilier,2023-01-20,12_mois
CLI_001301,changement_emploi,2023-01-25,12_mois
CLI_001310,changement_emploi,2023-10-01,12_mois
CLI_001313,achat_immobilier,2023-03-28,12_mois
CLI_001319,divorce,2023-04-08,12_mois
CLI_001324,deces_proche,2023-05-20,12_mois
CLI_001326,deces_proche,2023-01-12,12_mois
CLI_001330,naissance,2023-09-16,12_mois
CLI_001330,achat_immobilier,2023-03-19,12_mois
CLI_001332,changement_emploi,2023-11-23,12_mois
CLI_001339,changement_emploi,2023-11-20,12_mois
CLI_001342,changement_emploi,2023-05-27,12_mois
CLI_001343,achat_immobilier,2023-08-24,12_mois
CLI_001343,changement_emploi,2023-04-09,12_mois
CLI_001345,achat_immobilier,2023-09-25,12_mois
CLI_001347,changement_emploi,2023-10-24,12_mois
CLI_001349,changement_emploi,2023-06-29,12_mois
CLI_001349,deces_proche,2023-06-17,12_mois
CLI_001354,naissance,2023-04-05,12_mois
CLI_001360,divorce,2023-10-04,12_mois
CLI_001361,mariage,2023-04-26,12_mois
CLI_001364,achat_immobilier,2023-03-13,12_mois
CLI_001373,naissance,2023-06-14,12_mois
CLI_001378,achat_immobilier,2023-05-23,12_mois
CLI_001379,changement_emploi,2023-09-10,12_mois
CLI_001380,changement_emploi,2023-06-17,12_mois
CLI_001383,changement_emploi,2023-08-19,12_mois
CLI_001383,deces_proche,2023-05-19,12_mois
CLI_001395,retraite,2023-07-28,12_mois
CLI_001402,changement_emploi,2023-11-26,12_mois
CLI_001407,changement_emploi,2023-04-14,12_mois
CLI_001414,changement_emploi,2023-04-26,12_mois
CLI_001419,achat_immobilier,2023-02-05,12_mois
CLI_001436,changement_emploi,2023-03-29,12_mois
CLI_001439,changement_emploi,2023-08-08,12_mois
CLI_001442,changement_emploi,2023-05-20,12_mois
CLI_001460,creation_entreprise,2023-09-01,12_mois
CLI_001461,deces_proche,2023-11-18,12_mois
CLI_001462,naissance,2023-06-17,12_mois
CLI_001463,changement_emploi,2023-04-04,12_mois
CLI_001464,achat_immobilier,2023-06-11,12_mois
CLI_001466,naissance,2023-08-24,12_mois
CLI_001474,changement_emploi,2023-04-21,12_mois
CLI_001478,deces_proche,2023-01-08,12_mois
CLI_001480,achat_immobilier,2023-05-27,12_mois
CLI_001487,achat_immobilier,2023-03-11,12_mois
CLI_001516,deces_proche,2023-07-28,12_mois
CLI_001539,divorce,2023-09-16,12_mois
CLI_001543,naissance,2023-06-19,12_mois
CLI_001543,achat_immobilier,2023-11-08,12_mois
CLI_001555,achat_immobilier,2023-11-08,12_mois
CLI_001562,changement_emploi,2023-01-17,12_mois
CLI_001564,changement_emploi,2023-01-24,12_mois
CLI_001566,deces_proche,2023-03-20,12_mois
CLI_001566,divorce,2023-01-18,12_mois
CLI_001573,changement_emploi,2023-08-12,12_mois
CLI_001577,changement_emploi,2023-09-13,12_mois
CLI_001578,achat_immobilier,2023-04-29,12_mois
CLI_001585,deces_proche,2023-12-15,12_mois
CLI_001587,changement_emploi,2023-06-14,12_mois
CLI_001602,achat_immobilier,2023-03-05,12_mois
CLI_001606,mariage,2023-05-15,12_mois
CLI_001608,divorce,2023-09-17,12_mois
CLI_001636,retraite,2023-12-28,12_mois
CLI_001637,mariage,2023-01-24,12_mois
CLI_001641,changement_emploi,2023-01-10,12_mois
CLI_001642,achat_immobilier,2023-01-13,12_mois
CLI_001651,achat_immobilier,2023-05-14,12_mois
CLI_001653,deces_proche,2023-03-03,12_mois
CLI_001655,deces_proche,2023-08-14,12_mois
CLI_001682,changement_emploi,2023-02-14,12_mois
CLI_001686,naissance,2023-05-03,12_mois
CLI_001686,changement_emploi,2023-10-12,12_mois
CLI_001693,changement_emploi,2023-12-24,12_mois
CLI_001707,deces_proche,2023-02-11,12_mois
CLI_001708,achat_immobilier,2023-04-25,12_mois
CLI_001712,changement_emploi,2023-06-29,12_mois
CLI_001723,changement_emploi,2023-06-28,12_mois
CLI_001727,achat_immobilier,2023-05-22,12_mois
CLI_001732,achat_immobilier,2023-09-09,12_mois
CLI_001736,achat_immobilier,2023-07-24,12_mois
CLI_001737,divorce,2023-01-13,12_mois
CLI_001755,naissance,2023-03-31,12_mois
CLI_001773,naissance,2023-01-29,12_mois
CLI_001778,retraite,2023-10-22,12_mois
CLI_001786,changement_emploi,2023-08-22,12_mois
CLI_001789,changement_emploi,2023-08-14,12_mois
CLI_001791,changement_emploi,2023-12-24,12_mois
CLI_001796,changement_emploi,2023-04-04,12_mois
CLI_001798,mariage,2023-10-30,12_mois
CLI_001800,changement_emploi,2023-03-16,12_mois
CLI_001805,achat_immobilier,2023-08-08,12_mois
CLI_001813,mariage,2023-10-17,12_mois
CLI_001816,creation_entreprise,2023-12-17,12_mois
CLI_001821,changement_emploi,2023-05-19,12_mois
CLI_001824,changement_emploi,2023-09-30,12_mois
CLI_001825,achat_immobilier,2023-11-06,12_mois
CLI_001829,deces_proche,2023-12-05,12_mois
CLI_001830,changement_emploi,2023-10-18,12_mois
CLI_001832,divorce,2023-12-08,12_mois
CLI_001839,retraite,2023-01-13,12_mois
CLI_001840,naissance,2023-02-28,12_mois
CLI_001845,changement_emploi,2023-07-09,12_mois
CLI_001847,changement_emploi,2023-02-07,12_mois
CLI_001848,changement_emploi,2023-01-02,12_mois
CLI_001852,changement_emploi,2023-12-24,12_mois
CLI_001854,deces_proche,2023-04-01,12_mois
CLI_001855,deces_proche,2023-04-03,12_mois
CLI_001858,deces_proche,2023-04-09,12_mois
CLI_001861,achat_immobilier,2023-02-10,12_mois
CLI_001878,changement_emploi,2023-10-07,12_mois
CLI_001885,naissance,2023-01-01,12_mois
CLI_001885,changement_emploi,2023-08-02,12_mois
CLI_001892,achat_immobilier,2023-09-14,12_mois
CLI_001900,deces_proche,2023-03-30,12_mois
CLI_001902,changement_emploi,2023-09-16,12_mois
CLI_001903,changement_emploi,2023-06-10,12_mois
CLI_001917,naissance,2023-12-30,12_mois
CLI_001925,changement_emploi,2023-08-31,12_mois
CLI_001936,achat_immobilier,2023-04-04,12_mois
CLI_001936,creation_entreprise,2023-04-16,12_mois
CLI_001944,naissance,2023-03-29,12_mois
CLI_001954,deces_proche,2023-06-04,12_mois
CLI_001960,naissance,2023-12-14,12_mois
CLI_001961,naissance,2023-02-03,12_mois
CLI_001969,naissance,2023-08-03,12_mois
CLI_001971,changement_emploi,2023-07-31,12_mois
CLI_001979,changement_emploi,2023-12-16,12_mois
CLI_001982,naissance,2023-06-13,12_mois
CLI_001986,changement_emploi,2023-02-01,12_mois
CLI_001989,changement_emploi,2023-08-31,12_mois
CLI_001990,deces_proche,2023-12-03,12_mois
CLI_002006,naissance,2023-04-13,12_mois
CLI_002006,creation_entreprise,2023-12-20,12_mois
CLI_002009,achat_immobilier,2023-11-15,12_mois
CLI_002010,changement_emploi,2023-05-15,12_mois
CLI_002012,divorce,2023-05-15,12_mois
CLI_002013,changement_emploi,2023-10-12,12_mois
CLI_002014,deces_proche,2023-07-21,12_mois
CLI_002016,achat_immobilier,2023-05-24,12_mois
CLI_002018,mariage,2023-12-06,12_mois
CLI_002023,changement_emploi,2023-08-28,12_mois
CLI_002024,retraite,2023-02-24,12_mois
CLI_002026,changement_emploi,2023-03-28,12_mois
CLI_002029,retraite,2023-01-09,12_mois
CLI_002034,achat_immobilier,2023-12-26,12_mois
CLI_002040,deces_proche,2023-07-22,12_mois
CLI_002050,achat_immobilier,2023-08-06,12_mois
CLI_002051,changement_emploi,2023-04-05,12_mois
CLI_002056,naissance,2023-01-03,12_mois
CLI_002057,creation_entreprise,2023-08-15,12_mois
CLI_002060,mariage,2023-06-16,12_mois
CLI_002061,changement_emploi,2023-01-18,12_mois
CLI_002066,deces_proche,2023-11-01,12_mois
CLI_002069,changement_emploi,2023-12-21,12_mois
CLI_002098,achat_immobilier,2023-03-03,12_mois
CLI_002124,achat_immobilier,2023-11-29,12_mois
CLI_002129,mariage,2023-10-05,12_mois
CLI_002130,achat_immobilier,2023-04-27,12_mois
CLI_002135,changement_emploi,2023-07-31,12_mois
CLI_002136,naissance,2023-12-11,12_mois
CLI_002139,changement_emploi,2023-06-16,12_mois
CLI_002149,achat_immobilier,2023-04-01,12_mois
CLI_002156,changement_emploi,2023-08-03,12_mois
CLI_002161,divorce,2023-03-25,12_mois
CLI_002175,deces_proche,2023-12-12,12_mois
CLI_002182,retraite,2023-09-19,12_mois
CLI_002190,divorce,2023-09-26,12_mois
CLI_002192,achat_immobilier,2023-02-22,12_mois
CLI_002203,achat_immobilier,2023-02-07,12_mois
CLI_002204,retraite,2023-09-16,12_mois
CLI_002206,changement_emploi,2023-03-14,12_mois
CLI_002217,changement_emploi,2023-03-12,12_mois
CLI_002232,changement_emploi,2023-09-21,12_mois
CLI_002236,changement_emploi,2023-03-20,12_mois
CLI_002239,changement_emploi,2023-09-26,12_mois
CLI_002243,creation_entreprise,2023-05-22,12_mois
CLI_002247,achat_immobilier,2023-06-14,12_mois
CLI_002250,changement_emploi,2023-11-25,12_mois
CLI_002258,deces_proche,2023-03-06,12_mois
CLI_002261,achat_immobilier,2023-06-19,12_mois
CLI_002262,achat_immobilier,2023-01-22,12_mois
CLI_002263,achat_immobilier,2023-12-10,12_mois
CLI_002266,changement_emploi,2023-04-23,12_mois
CLI_002268,achat_immobilier,2023-04-11,12_mois
CLI_002270,achat_immobilier,2023-04-17,12_mois
CLI_002273,mariage,2023-01-07,12_mois
CLI_002278,deces_proche,2023-05-23,12_mois
CLI_002279,changement_emploi,2023-03-01,12_mois
CLI_002285,creation_entreprise,2023-06-25,12_mois
CLI_002301,changement_emploi,2023-07-06,12_mois
CLI_002312,changement_emploi,2023-07-20,12_mois
CLI_002315,changement_emploi,2023-02-10,12_mois
CLI_002324,achat_immobilier,2023-11-04,12_mois
CLI_002329,changement_emploi,2023-11-11,12_mois
CLI_002336,mariage,2023-05-16,12_mois
CLI_002342,changement_emploi,2023-10-28,12_mois
CLI_002357,achat_immobilier,2023-06-19,12_mois
CLI_002362,mariage,2023-03-29,12_mois
CLI_002364,achat_immobilier,2023-08-08,12_mois
CLI_002375,changement_emploi,2023-07-07,12_mois
CLI_002388,changement_emploi,2023-05-19,12_mois
CLI_002389,deces_proche,2023-03-25,12_mois
CLI_002394,changement_emploi,2023-03-02,12_mois
CLI_002396,achat_immobilier,2023-05-18,12_mois
CLI_002408,divorce,2023-10-25,12_mois
CLI_002410,changement_emploi,2023-01-07,12_mois
CLI_002423,deces_proche,2023-12-02,12_mois
CLI_002429,changement_emploi,2023-11-03,12_mois
CLI_002430,deces_proche,2023-08-21,12_mois
CLI_002435,changement_emploi,2023-03-15,12_mois
CLI_002438,changement_emploi,2023-04-22,12_mois
CLI_002442,deces_proche,2023-04-26,12_mois
CLI_002446,mariage,2023-09-25,12_mois
CLI_002456,creation_entreprise,2023-04-12,12_mois
CLI_002461,changement_emploi,2023-07-21,12_mois
CLI_002462,changement_emploi,2023-10-29,12_mois
CLI_002483,changement_emploi,2023-01-08,12_mois
CLI_002491,changement_emploi,2023-04-03,12_mois
CLI_002494,changement_emploi,2023-09-15,12_mois
CLI_002501,changement_emploi,2023-04-10,12_mois
CLI_002503,achat_immobilier,2023-12-25,12_mois
CLI_002506,changement_emploi,2023-02-16,12_mois
CLI_002510,naissance,2023-07-04,12_mois
CLI_002519,achat_immobilier,2023-02-11,12_mois
CLI_002522,naissance,2023-12-30,12_mois
CLI_002526,changement_emploi,2023-10-19,12_mois
CLI_002530,changement_emploi,2023-09-22,12_mois
CLI_002532,changement_emploi,2023-10-06,12_mois
CLI_002549,changement_emploi,2023-09-20,12_mois
CLI_002549,deces_proche,2023-04-27,12_mois
CLI_002559,changement_emploi,2023-06-04,12_mois
CLI_002563,naissance,2023-01-22,12_mois
CLI_002574,mariage,2023-08-18,12_mois
CLI_002577,naissance,2023-06-19,12_mois
CLI_002578,changement_emploi,2023-08-12,12_mois
CLI_002578,deces_proche,2023-06-21,12_mois
CLI_002599,deces_proche,2023-03-29,12_mois
CLI_002614,achat_immobilier,2023-11-06,12_mois
CLI_002616,achat_immobilier,2023-08-06,12_mois
CLI_002616,changement_emploi,2023-06-21,12_mois
CLI_002617,divorce,2023-12-16,12_mois
CLI_002620,deces_proche,2023-12-31,12_mois
CLI_002623,achat_immobilier,2023-06-16,12_mois
CLI_002634,naissance,2023-10-07,12_mois
CLI_002640,changement_emploi,2023-01-10,12_mois
CLI_002643,divorce,2023-04-17,12_mois
CLI_002657,divorce,2023-07-27,12_mois
CLI_002658,achat_immobilier,2023-01-23,12_mois
CLI_002659,changement_emploi,2023-12-29,12_mois
CLI_002663,changement_emploi,2023-12-06,12_mois
CLI_002674,divorce,2023-01-19,12_mois
CLI_002688,changement_emploi,2023-06-10,12_mois
CLI_002690,achat_immobilier,2023-05-24,12_mois
CLI_002694,deces_proche,2023-03-04,12_mois
CLI_002695,achat_immobilier,2023-07-21,12_mois
CLI_002696,achat_immobilier,2023-08-24,12_mois
CLI_002697,achat_immobilier,2023-10-20,12_mois
CLI_002703,changement_emploi,2023-01-17,12_mois
CLI_002707,changement_emploi,2023-06-19,12_mois
CLI_002711,divorce,2023-06-16,12_mois
CLI_002744,achat_immobilier,2023-01-25,12_mois
CLI_002749,retraite,2023-08-30,12_mois
CLI_002754,changement_emploi,2023-03-15,12_mois
CLI_002755,divorce,2023-09-28,12_mois
CLI_002755,creation_entreprise,2023-07-31,12_mois
CLI_002756,changement_emploi,2023-11-26,12_mois
CLI_002758,naissance,2023-02-11,12_mois
CLI_002759,achat_immobilier,2023-02-17,12_mois
CLI_002765,divorce,2023-11-03,12_mois
CLI_002769,changement_emploi,2023-11-16,12_mois
CLI_002774,changement_emploi,2023-01-23,12_mois
CLI_002780,changement_emploi,2023-11-29,12_mois
CLI_002782,naissance,2023-08-29,12_mois
CLI_002784,changement_emploi,2023-06-18,12_mois
CLI_002787,deces_proche,2023-04-10,12_mois
CLI_002788,changement_emploi,2023-03-08,12_mois
CLI_002793,achat_immobilier,2023-04-03,12_mois
CLI_002796,mariage,2023-08-14,12_mois
CLI_002804,achat_immobilier,2023-03-20,12_mois
CLI_002804,changement_emploi,2023-06-07,12_mois
CLI_002815,naissance,2023-08-27,12_mois
CLI_002828,changement_emploi,2023-11-09,12_mois
CLI_002829,divorce,2023-04-01,12_mois
CLI_002839,changement_emploi,2023-02-26,12_mois
CLI_002841,creation_entreprise,2023-12-13,12_mois
CLI_002843,changement_emploi,2023-11-22,12_mois
CLI_002849,achat_immobilier,2023-01-04,12_mois
CLI_002852,naissance,2023-10-03,12_mois
CLI_002862,changement_emploi,2023-11-16,12_mois
CLI_002879,deces_proche,2023-06-23,12_mois
CLI_002887,achat_immobilier,2023-08-30,12_mois
CLI_002890,changement_emploi,2023-07-21,12_mois
CLI_002896,naissance,2023-08-12,12_mois
CLI_002907,achat_immobilier,2023-06-13,12_mois
CLI_002913,naissance,2023-10-15,12_mois
CLI_002916,naissance,2023-03-07,12_mois
CLI_002931,changement_emploi,2023-07-18,12_mois
CLI_002934,deces_proche,2023-04-18,12_mois
CLI_002935,achat_immobilier,2023-06-28,12_mois
CLI_002935,changement_emploi,2023-02-03,12_mois
CLI_002935,divorce,2023-08-15,12_mois
CLI_002946,retraite,2023-06-04,12_mois
CLI_002949,changement_emploi,2023-10-01,12_mois
CLI_002951,changement_emploi,2023-05-31,12_mois
CLI_002952,achat_immobilier,2023-04-20,12_mois
CLI_002959,changement_emploi,2023-09-17,12_mois
CLI_002971,changement_emploi,2023-01-01,12_mois
CLI_002975,achat_immobilier,2023-04-19,12_mois
CLI_002975,divorce,2023-12-11,12_mois
CLI_002979,achat_immobilier,2023-01-23,12_mois
CLI_002979,deces_proche,2023-11-08,12_mois
CLI_002991,divorce,2023-05-30,12_mois
CLI_002996,deces_proche,2023-10-25,12_mois
CLI_002997,deces_proche,2023-07-12,12_mois
CLI_003009,achat_immobilier,2023-02-15,12_mois
CLI_003009,changement_emploi,2023-03-30,12_mois
CLI_003015,naissance,2023-09-17,12_mois
CLI_003015,changement_emploi,2023-01-15,12_mois
CLI_003021,deces_proche,2023-07-18,12_mois
CLI_003024,changement_emploi,2023-12-23,12_mois
CLI_003037,naissance,2023-05-27,12_mois
CLI_003038,mariage,2023-03-20,12_mois
CLI_003040,achat_immobilier,2023-10-05,12_mois
CLI_003040,changement_emploi,2023-07-22,12_mois
CLI_003049,changement_emploi,2023-05-21,12_mois
CLI_003056,deces_proche,2023-09-17,12_mois
CLI_003062,changement_emploi,2023-06-01,12_mois
CLI_003069,deces_proche,2023-01-27,12_mois
CLI_003070,naissance,2023-06-30,12_mois
CLI_003071,creation_entreprise,2023-11-29,12_mois
CLI_003072,deces_proche,2023-10-23,12_mois
CLI_003083,deces_proche,2023-06-27,12_mois
CLI_003086,changement_emploi,2023-06-14,12_mois
CLI_003090,achat_immobilier,2023-10-23,12_mois
CLI_003100,changement_emploi,2023-12-24,12_mois
CLI_003102,changement_emploi,2023-07-19,12_mois
CLI_003104,achat_immobilier,2023-10-09,12_mois
CLI_003107,changement_emploi,2023-08-07,12_mois
CLI_003109,achat_immobilier,2023-06-24,12_mois
CLI_003124,achat_immobilier,2023-02-10,12_mois
CLI_003125,retraite,2023-07-04,12_mois
CLI_003127,changement_emploi,2023-06-25,12_mois
CLI_003128,divorce,2023-06-06,12_mois
CLI_003135,achat_immobilier,2023-07-06,12_mois
CLI_003139,creation_entreprise,2023-04-18,12_mois
CLI_003141,naissance,2023-08-18,12_mois
CLI_003154,achat_immobilier,2023-05-04,12_mois
CLI_003162,changement_emploi,2023-02-15,12_mois
CLI_003169,changement_emploi,2023-10-13,12_mois
CLI_003179,changement_emploi,2023-01-23,12_mois
CLI_003180,naissance,2023-12-27,12_mois
CLI_003181,creation_entreprise,2023-01-10,12_mois
CLI_003195,achat_immobilier,2023-02-13,12_mois
CLI_003203,achat_immobilier,2023-08-07,12_mois
CLI_003211,naissance,2023-11-24,12_mois
CLI_003212,achat_immobilier,2023-05-27,12_mois
CLI_003220,changement_emploi,2023-02-05,12_mois
CLI_003221,achat_immobilier,2023-01-24,12_mois
CLI_003222,changement_emploi,2023-07-28,12_mois
CLI_003228,deces_proche,2023-08-13,12_mois
CLI_003240,mariage,2023-08-01,12_mois
CLI_003243,creation_entreprise,2023-12-01,12_mois
CLI_003252,achat_immobilier,2023-09-18,12_mois
CLI_003261,changement_emploi,2023-10-23,12_mois
CLI_003262,changement_emploi,2023-04-15,12_mois
CLI_003265,retraite,2023-09-20,12_mois
CLI_003267,changement_emploi,2023-02-15,12_mois
CLI_003268,achat_immobilier,2023-03-26,12_mois
CLI_003270,mariage,2023-04-04,12_mois
CLI_003270,naissance,2023-07-18,12_mois
CLI_003275,changement_emploi,2023-09-19,12_mois
CLI_003280,achat_immobilier,2023-04-29,12_mois
CLI_003283,mariage,2023-05-18,12_mois
CLI_003287,changement_emploi,2023-04-25,12_mois
CLI_003289,changement_emploi,2023-04-29,12_mois
CLI_003311,changement_emploi,2023-06-02,12_mois
CLI_003314,deces_proche,2023-02-13,12_mois
CLI_003320,achat_immobilier,2023-07-11,12_mois
CLI_003337,changement_emploi,2023-01-31,12_mois
CLI_003338,achat_immobilier,2023-10-20,12_mois
CLI_003339,changement_emploi,2023-06-02,12_mois
CLI_003342,divorce,2023-11-02,12_mois
CLI_003349,naissance,2023-04-22,12_mois
CLI_003349,creation_entreprise,2023-01-11,12_mois
CLI_003359,retraite,2023-06-17,12_mois
CLI_003362,changement_emploi,2023-05-28,12_mois
CLI_003366,changement_emploi,2023-05-17,12_mois
CLI_003370,achat_immobilier,2023-07-04,12_mois
CLI_003372,achat_immobilier,2023-03-09,12_mois
CLI_003372,changement_emploi,2023-05-13,12_mois
CLI_003374,creation_entreprise,2023-11-25,12_mois
CLI_003377,achat_immobilier,2023-01-12,12_mois
CLI_003381,deces_proche,2023-01-12,12_mois
CLI_003385,deces_proche,2023-04-24,12_mois
CLI_003387,naissance,2023-08-19,12_mois
CLI_003397,changement_emploi,2023-03-13,12_mois
CLI_003398,naissance,2023-08-03,12_mois
CLI_003408,retraite,2023-12-11,12_mois
CLI_003415,divorce,2023-11-02,12_mois
CLI_003422,changement_emploi,2023-02-13,12_mois
CLI_003432,changement_emploi,2023-06-05,12_mois
CLI_003436,deces_proche,2023-05-30,12_mois
CLI_003457,achat_immobilier,2023-04-29,12_mois
CLI_003478,deces_proche,2023-09-30,12_mois
CLI_003491,achat_immobilier,2023-09-22,12_mois
CLI_003496,changement_emploi,2023-06-11,12_mois
CLI_003508,achat_immobilier,2023-04-06,12_mois
CLI_003508,changement_emploi,2023-09-21,12_mois
CLI_003514,changement_emploi,2023-03-04,12_mois
CLI_003515,retraite,2023-01-14,12_mois
CLI_003519,retraite,2023-05-15,12_mois
CLI_003520,changement_emploi,2023-08-28,12_mois
CLI_003541,naissance,2023-01-16,12_mois
CLI_003544,changement_emploi,2023-05-07,12_mois
CLI_003567,changement_emploi,2023-08-06,12_mois
CLI_003573,naissance,2023-08-16,12_mois
CLI_003573,changement_emploi,2023-09-30,12_mois
CLI_003580,changement_emploi,2023-12-10,12_mois
CLI_003587,deces_proche,2023-11-01,12_mois
CLI_003598,changement_emploi,2023-06-17,12_mois
CLI_003599,changement_emploi,2023-06-06,12_mois
CLI_003602,achat_immobilier,2023-11-12,12_mois
CLI_003612,changement_emploi,2023-09-10,12_mois
CLI_003614,achat_immobilier,2023-06-18,12_mois
CLI_003622,naissance,2023-10-17,12_mois
CLI_003624,creation_entreprise,2023-11-03,12_mois
CLI_003626,achat_immobilier,2023-05-21,12_mois
CLI_003636,changement_emploi,2023-11-11,12_mois
CLI_003638,deces_proche,2023-11-08,12_mois
CLI_003639,changement_emploi,2023-01-26,12_mois
CLI_003644,naissance,2023-05-07,12_mois
CLI_003645,changement_emploi,2023-12-14,12_mois
CLI_003652,divorce,2023-08-21,12_mois
CLI_003658,naissance,2023-03-12,12_mois
CLI_003664,deces_proche,2023-10-30,12_mois
CLI_003665,retraite,2023-01-31,12_mois
CLI_003667,changement_emploi,2023-11-28,12_mois
CLI_003668,naissance,2023-10-14,12_mois
CLI_003670,achat_immobilier,2023-10-14,12_mois
CLI_003675,changement_emploi,2023-09-06,12_mois
CLI_003681,changement_emploi,2023-04-03,12_mois
CLI_003683,changement_emploi,2023-11-27,12_mois
CLI_003689,achat_immobilier,2023-04-29,12_mois
CLI_003689,divorce,2023-05-20,12_mois
CLI_003696,naissance,2023-05-01,12_mois
CLI_003698,mariage,2023-10-27,12_mois
CLI_003700,changement_emploi,2023-10-04,12_mois
CLI_003705,achat_immobilier,2023-07-25,12_mois
CLI_003707,changement_emploi,2023-07-05,12_mois
CLI_003722,naissance,2023-08-07,12_mois
CLI_003722,achat_immobilier,2023-07-07,12_mois
CLI_003725,changement_emploi,2023-05-09,12_mois
CLI_003729,divorce,2023-07-26,12_mois
CLI_003748,changement_emploi,2023-08-25,12_mois
CLI_003754,changement_emploi,2023-11-09,12_mois
CLI_003762,achat_immobilier,2023-05-05,12_mois
CLI_003765,changement_emploi,2023-11-09,12_mois
CLI_003770,divorce,2023-03-07,12_mois
CLI_003776,changement_emploi,2023-09-01,12_mois
CLI_003782,changement_emploi,2023-12-07,12_mois
CLI_003786,changement_emploi,2023-08-04,12_mois
CLI_003791,mariage,2023-11-07,12_mois
CLI_003793,divorce,2023-10-24,12_mois
CLI_003794,divorce,2023-02-06,12_mois
CLI_003797,achat_immobilier,2023-06-24,12_mois
CLI_003797,changement_emploi,2023-08-01,12_mois
CLI_003800,changement_emploi,2023-05-30,12_mois
CLI_003804,deces_proche,2023-05-13,12_mois
CLI_003808,changement_emploi,2023-08-15,12_mois
CLI_003811,achat_immobilier,2023-07-16,12_mois
CLI_003820,divorce,2023-05-25,12_mois
CLI_003824,changement_emploi,2023-11-24,12_mois
CLI_003843,divorce,2023-12-24,12_mois
CLI_003845,achat_immobilier,2023-03-25,12_mois
CLI_003855,changement_emploi,2023-09-06,12_mois
CLI_003856,achat_immobilier,2023-03-14,12_mois
CLI_003868,achat_immobilier,2023-04-28,12_mois
CLI_003869,achat_immobilier,2023-03-18,12_mois
CLI_003888,divorce,2023-10-23,12_mois
CLI_003893,changement_emploi,2023-06-22,12_mois
CLI_003912,deces_proche,2023-10-21,12_mois
CLI_003919,changement_emploi,2023-08-06,12_mois
CLI_003937,changement_emploi,2023-06-10,12_mois
CLI_003943,divorce,2023-01-06,12_mois
CLI_003945,deces_proche,2023-09-24,12_mois
CLI_003947,achat_immobilier,2023-09-18,12_mois
CLI_003947,deces_proche,2023-09-09,12_mois
CLI_003963,achat_immobilier,2023-10-26,12_mois
CLI_003981,deces_proche,2023-12-17,12_mois
CLI_003984,achat_immobilier,2023-05-04,12_mois
CLI_003990,deces_proche,2023-04-13,12_mois
CLI_004006,divorce,2023-05-04,12_mois
CLI_004012,changement_emploi,2023-02-08,12_mois
CLI_004015,deces_proche,2023-02-26,12_mois
CLI_004020,divorce,2023-09-06,12_mois
CLI_004028,achat_immobilier,2023-11-25,12_mois
CLI_004039,achat_immobilier,2023-05-07,12_mois
CLI_004053,achat_immobilier,2023-11-18,12_mois
CLI_004056,naissance,2023-01-28,12_mois
CLI_004063,changement_emploi,2023-07-23,12_mois
CLI_004067,achat_immobilier,2023-09-08,12_mois
CLI_004069,creation_entreprise,2023-12-11,12_mois
CLI_004072,achat_immobilier,2023-08-07,12_mois
CLI_004072,changement_emploi,2023-03-25,12_mois
CLI_004077,changement_emploi,2023-03-11,12_mois
CLI_004100,changement_emploi,2023-03-19,12_mois
CLI_004103,naissance,2023-05-07,12_mois
CLI_004105,achat_immobilier,2023-06-15,12_mois
CLI_004109,changement_emploi,2023-06-25,12_mois
CLI_004118,changement_emploi,2023-04-07,12_mois
CLI_004130,changement_emploi,2023-07-31,12_mois
CLI_004133,deces_proche,2023-07-05,12_mois
CLI_004137,achat_immobilier,2023-08-03,12_mois
CLI_004145,achat_immobilier,2023-05-06,12_mois
CLI_004146,achat_immobilier,2023-08-06,12_mois
CLI_004154,changement_emploi,2023-11-01,12_mois
CLI_004155,changement_emploi,2023-06-24,12_mois
CLI_004159,changement_emploi,2023-06-03,12_mois
CLI_004160,deces_proche,2023-05-10,12_mois
CLI_004175,achat_immobilier,2023-07-13,12_mois
CLI_004180,naissance,2023-07-15,12_mois
CLI_004180,changement_emploi,2023-10-13,12_mois
CLI_004181,changement_emploi,2023-06-27,12_mois
CLI_004192,changement_emploi,2023-04-18,12_mois
CLI_004195,naissance,2023-07-11,12_mois
CLI_004195,changement_emploi,2023-02-03,12_mois
CLI_004197,achat_immobilier,2023-02-19,12_mois
CLI_004199,achat_immobilier,2023-03-11,12_mois
CLI_004208,retraite,2023-08-04,12_mois
CLI_004209,changement_emploi,2023-03-08,12_mois
CLI_004212,achat_immobilier,2023-10-03,12_mois
CLI_004217,deces_proche,2023-09-30,12_mois
CLI_004225,changement_emploi,2023-10-01,12_mois
CLI_004225,creation_entreprise,2023-09-06,12_mois
CLI_004246,creation_entreprise,2023-12-07,12_mois
CLI_004248,deces_proche,2023-02-21,12_mois
CLI_004258,changement_emploi,2023-01-05,12_mois
CLI_004265,achat_immobilier,2023-09-10,12_mois
CLI_004268,deces_proche,2023-12-19,12_mois
CLI_004273,deces_proche,2023-01-19,12_mois
CLI_004291,achat_immobilier,2023-09-14,12_mois
CLI_004291,changement_emploi,2023-07-03,12_mois
CLI_004293,naissance,2023-04-12,12_mois
CLI_004301,naissance,2023-11-10,12_mois
CLI_004303,mariage,2023-10-22,12_mois
CLI_004303,achat_immobilier,2023-01-25,12_mois
CLI_004309,deces_proche,2023-02-27,12_mois
CLI_004309,divorce,2023-06-08,12_mois
CLI_004311,changement_emploi,2023-12-04,12_mois
CLI_004321,achat_immobilier,2023-12-20,12_mois
CLI_004321,deces_proche,2023-08-24,12_mois
CLI_004322,deces_proche,2023-08-06,12_mois
CLI_004329,retraite,2023-10-09,12_mois
CLI_004340,changement_emploi,2023-06-24,12_mois
CLI_004340,creation_entreprise,2023-12-16,12_mois
CLI_004350,naissance,2023-01-10,12_mois
CLI_004360,divorce,2023-07-29,12_mois
CLI_004365,achat_immobilier,2023-03-15,12_mois
CLI_004366,changement_emploi,2023-06-25,12_mois
CLI_004369,changement_emploi,2023-01-29,12_mois
CLI_004377,achat_immobilier,2023-08-24,12_mois
CLI_004382,naissance,2023-08-15,12_mois
CLI_004382,changement_emploi,2023-08-16,12_mois
CLI_004391,mariage,2023-11-14,12_mois
CLI_004393,deces_proche,2023-06-09,12_mois
CLI_004402,deces_proche,2023-03-31,12_mois
CLI_004406,changement_emploi,2023-01-14,12_mois
CLI_004406,deces_proche,2023-05-23,12_mois
CLI_004412,divorce,2023-01-21,12_mois
CLI_004429,mariage,2023-05-19,12_mois
CLI_004430,changement_emploi,2023-06-01,12_mois
CLI_004432,achat_immobilier,2023-10-08,12_mois
CLI_004438,changement_emploi,2023-06-08,12_mois
CLI_004441,divorce,2023-08-24,12_mois
CLI_004451,changement_emploi,2023-10-23,12_mois
CLI_004451,deces_proche,2023-12-09,12_mois
CLI_004453,changement_emploi,2023-10-27,12_mois
CLI_004461,achat_immobilier,2023-11-09,12_mois
CLI_004462,mariage,2023-10-14,12_mois
CLI_004471,changement_emploi,2023-12-25,12_mois
CLI_004473,changement_emploi,2023-06-19,12_mois
CLI_004473,deces_proche,2023-08-20,12_mois
CLI_004482,changement_emploi,2023-04-23,12_mois
CLI_004486,naissance,2023-12-15,12_mois
CLI_004491,achat_immobilier,2023-07-17,12_mois
CLI_004501,changement_emploi,2023-03-01,12_mois
CLI_004506,naissance,2023-11-10,12_mois
CLI_004511,changement_emploi,2023-05-04,12_mois
CLI_004514,mariage,2023-09-24,12_mois
CLI_004518,deces_proche,2023-06-04,12_mois
CLI_004519,changement_emploi,2023-03-16,12_mois
CLI_004520,deces_proche,2023-04-17,12_mois
CLI_004521,deces_proche,2023-01-12,12_mois
CLI_004528,changement_emploi,2023-08-01,12_mois
CLI_004533,changement_emploi,2023-11-27,12_mois
CLI_004535,changement_emploi,2023-05-27,12_mois
CLI_004546,changement_emploi,2023-12-30,12_mois
CLI_004549,achat_immobilier,2023-08-08,12_mois
CLI_004551,mariage,2023-07-03,12_mois
CLI_004553,changement_emploi,2023-08-21,12_mois
CLI_004558,achat_immobilier,2023-06-16,12_mois
CLI_004561,achat_immobilier,2023-11-03,12_mois
CLI_004570,deces_proche,2023-08-06,12_mois
CLI_004578,changement_emploi,2023-01-05,12_mois
CLI_004592,deces_proche,2023-11-22,12_mois
CLI_004593,mariage,2023-09-14,12_mois
CLI_004609,naissance,2023-03-15,12_mois
CLI_004618,changement_emploi,2023-06-10,12_mois
CLI_004619,changement_emploi,2023-10-21,12_mois
CLI_004626,naissance,2023-09-09,12_mois
CLI_004638,divorce,2023-11-30,12_mois
CLI_004639,changement_emploi,2023-01-22,12_mois
CLI_004640,achat_immobilier,2023-08-28,12_mois
CLI_004643,achat_immobilier,2023-11-12,12_mois
CLI_004652,naissance,2023-04-25,12_mois
CLI_004653,divorce,2023-04-03,12_mois
CLI_004656,achat_immobilier,2023-03-17,12_mois
CLI_004674,naissance,2023-05-01,12_mois
CLI_004677,achat_immobilier,2023-11-11,12_mois
CLI_004683,changement_emploi,2023-10-08,12_mois
CLI_004685,naissance,2023-08-09,12_mois
CLI_004692,creation_entreprise,2023-12-28,12_mois
CLI_004695,changement_emploi,2023-12-28,12_mois
CLI_004710,divorce,2023-06-01,12_mois
CLI_004715,creation_entreprise,2023-12-09,12_mois
CLI_004722,deces_proche,2023-02-28,12_mois
CLI_004723,mariage,2023-04-10,12_mois
CLI_004724,divorce,2023-01-30,12_mois
CLI_004732,deces_proche,2023-01-13,12_mois
CLI_004743,changement_emploi,2023-07-26,12_mois
CLI_004769,deces_proche,2023-05-14,12_mois
CLI_004770,changement_emploi,2023-02-21,12_mois
CLI_004770,deces_proche,2023-03-23,12_mois
CLI_004774,achat_immobilier,2023-07-21,12_mois
CLI_004775,changement_emploi,2023-07-29,12_mois
CLI_004775,deces_proche,2023-02-08,12_mois
CLI_004782,changement_emploi,2023-07-17,12_mois
CLI_004784,deces_proche,2023-03-17,12_mois
CLI_004792,mariage,2023-08-30,12_mois
CLI_004793,deces_proche,2023-04-11,12_mois
CLI_004800,changement_emploi,2023-08-22,12_mois
CLI_004808,naissance,2023-03-02,12_mois
CLI_004811,achat_immobilier,2023-12-01,12_mois
CLI_004814,changement_emploi,2023-06-30,12_mois
CLI_004837,changement_emploi,2023-01-28,12_mois
CLI_004841,changement_emploi,2023-09-23,12_mois
CLI_004845,changement_emploi,2023-03-27,12_mois
CLI_004854,naissance,2023-02-23,12_mois
CLI_004861,naissance,2023-02-05,12_mois
CLI_004873,changement_emploi,2023-11-03,12_mois
CLI_004877,achat_immobilier,2023-08-13,12_mois
CLI_004878,changement_emploi,2023-08-24,12_mois
CLI_004882,creation_entreprise,2023-01-16,12_mois
CLI_004883,achat_immobilier,2023-08-18,12_mois
CLI_004890,creation_entreprise,2023-10-16,12_mois
CLI_004895,changement_emploi,2023-09-08,12_mois
CLI_004899,changement_emploi,2023-01-23,12_mois
CLI_004899,divorce,2023-01-08,12_mois
CLI_004911,naissance,2023-10-03,12_mois
CLI_004917,divorce,2023-08-27,12_mois
CLI_004921,divorce,2023-08-02,12_mois
CLI_004927,naissance,2023-09-26,12_mois
CLI_004927,achat_immobilier,2023-10-23,12_mois
CLI_004933,changement_emploi,2023-01-22,12_mois
CLI_004935,changement_emploi,2023-06-04,12_mois
CLI_004936,changement_emploi,2023-04-10,12_mois
CLI_004947,changement_emploi,2023-07-28,12_mois
CLI_004948,creation_entreprise,2023-08-11,12_mois
CLI_004959,divorce,2023-06-24,12_mois
CLI_004965,deces_proche,2023-02-23,12_mois
CLI_004967,deces_proche,2023-05-05,12_mois
CLI_004971,deces_proche,2023-10-05,12_mois
CLI_004976,changement_emploi,2023-11-20,12_mois
CLI_004978,changement_emploi,2023-02-06,12_mois
CLI_004990,achat_immobilier,2023-04-27,12_mois
CLI_005002,changement_emploi,2023-11-20,12_mois
CLI_005019,changement_emploi,2023-02-20,12_mois
CLI_005023,changement_emploi,2023-01-26,12_mois
CLI_005030,changement_emploi,2023-07-09,12_mois
CLI_005034,naissance,2023-03-01,12_mois
CLI_005045,deces_proche,2023-06-03,12_mois
CLI_005055,retraite,2023-07-04,12_mois
CLI_005062,achat_immobilier,2023-10-07,12_mois
CLI_005072,changement_emploi,2023-04-02,12_mois
CLI_005074,divorce,2023-10-06,12_mois
CLI_005080,deces_proche,2023-10-23,12_mois
CLI_005095,creation_entreprise,2023-05-14,12_mois
CLI_005128,creation_entreprise,2023-10-25,12_mois
CLI_005135,changement_emploi,2023-02-05,12_mois
CLI_005137,achat_immobilier,2023-12-27,12_mois
CLI_005145,changement_emploi,2023-04-14,12_mois
CLI_005158,changement_emploi,2023-03-27,12_mois
CLI_005176,achat_immobilier,2023-07-18,12_mois
CLI_005179,naissance,2023-10-28,12_mois
CLI_005179,changement_emploi,2023-11-19,12_mois
CLI_005184,deces_proche,2023-03-25,12_mois
CLI_005191,creation_entreprise,2023-01-09,12_mois
CLI_005207,deces_proche,2023-11-03,12_mois
CLI_005235,naissance,2023-09-10,12_mois
CLI_005236,achat_immobilier,2023-10-02,12_mois
CLI_005240,changement_emploi,2023-04-12,12_mois
CLI_005251,achat_immobilier,2023-07-05,12_mois
CLI_005255,changement_emploi,2023-01-24,12_mois
CLI_005264,achat_immobilier,2023-06-14,12_mois
CLI_005267,changement_emploi,2023-06-29,12_mois
CLI_005271,achat_immobilier,2023-09-10,12_mois
CLI_005272,changement_emploi,2023-08-31,12_mois
CLI_005273,changement_emploi,2023-08-11,12_mois
CLI_005278,changement_emploi,2023-09-16,12_mois
CLI_005285,changement_emploi,2023-09-09,12_mois
CLI_005288,mariage,2023-09-21,12_mois
CLI_005288,changement_emploi,2023-02-12,12_mois
CLI_005304,deces_proche,2023-03-03,12_mois
CLI_005306,changement_emploi,2023-02-16,12_mois
CLI_005324,retraite,2023-02-12,12_mois
CLI_005330,changement_emploi,2023-10-09,12_mois
CLI_005331,achat_immobilier,2023-09-29,12_mois
CLI_005333,naissance,2023-04-15,12_mois
CLI_005335,deces_proche,2023-11-19,12_mois
CLI_005341,achat_immobilier,2023-02-21,12_mois
CLI_005346,deces_proche,2023-09-16,12_mois
CLI_005358,changement_emploi,2023-11-28,12_mois
CLI_005370,naissance,2023-10-06,12_mois
CLI_005375,changement_emploi,2023-05-06,12_mois
CLI_005376,naissance,2023-11-15,12_mois
CLI_005378,achat_immobilier,2023-10-09,12_mois
CLI_005383,deces_proche,2023-05-21,12_mois
CLI_005384,divorce,2023-10-13,12_mois
CLI_005387,deces_proche,2023-09-15,12_mois
CLI_005406,changement_emploi,2023-06-11,12_mois
CLI_005417,creation_entreprise,2023-03-23,12_mois
CLI_005421,mariage,2023-04-15,12_mois
CLI_005422,deces_proche,2023-04-08,12_mois
CLI_005425,achat_immobilier,2023-02-18,12_mois
CLI_005430,deces_proche,2023-11-23,12_mois
CLI_005431,achat_immobilier,2023-02-11,12_mois
CLI_005433,mariage,2023-12-01,12_mois
CLI_005436,deces_proche,2023-04-07,12_mois
CLI_005438,retraite,2023-01-06,12_mois
CLI_005442,changement_emploi,2023-08-27,12_mois
CLI_005449,mariage,2023-11-25,12_mois
CLI_005453,divorce,2023-07-01,12_mois
CLI_005455,achat_immobilier,2023-03-20,12_mois
CLI_005455,deces_proche,2023-05-09,12_mois
CLI_005463,changement_emploi,2023-03-22,12_mois
CLI_005482,achat_immobilier,2023-09-20,12_mois
CLI_005483,creation_entreprise,2023-05-26,12_mois
CLI_005484,naissance,2023-03-27,12_mois
CLI_005484,deces_proche,2023-02-12,12_mois
CLI_005485,achat_immobilier,2023-06-02,12_mois
CLI_005493,achat_immobilier,2023-04-05,12_mois
CLI_005500,achat_immobilier,2023-11-19,12_mois
CLI_005500,deces_proche,2023-01-02,12_mois
CLI_005505,achat_immobilier,2023-07-06,12_mois
CLI_005511,deces_proche,2023-05-14,12_mois
CLI_005514,deces_proche,2023-10-20,12_mois
CLI_005517,deces_proche,2023-04-07,12_mois
CLI_005520,divorce,2023-11-05,12_mois
CLI_005522,changement_emploi,2023-11-24,12_mois
CLI_005523,changement_emploi,2023-09-15,12_mois
CLI_005525,deces_proche,2023-04-27,12_mois
CLI_005528,achat_immobilier,2023-01-11,12_mois
CLI_005535,changement_emploi,2023-05-24,12_mois
CLI_005545,deces_proche,2023-08-04,12_mois
CLI_005553,changement_emploi,2023-01-16,12_mois
CLI_005554,mariage,2023-02-05,12_mois
CLI_005563,mariage,2023-12-20,12_mois
CLI_005564,changement_emploi,2023-10-15,12_mois
CLI_005566,changement_emploi,2023-01-01,12_mois
CLI_005567,naissance,2023-01-02,12_mois
CLI_005568,naissance,2023-10-13,12_mois
CLI_005570,changement_emploi,2023-03-09,12_mois
CLI_005571,deces_proche,2023-12-08,12_mois
CLI_005573,achat_immobilier,2023-11-26,12_mois
CLI_005580,naissance,2023-05-03,12_mois
CLI_005596,deces_proche,2023-08-09,12_mois
CLI_005597,changement_emploi,2023-10-03,12_mois
CLI_005598,naissance,2023-04-19,12_mois
CLI_005605,changement_emploi,2023-07-12,12_mois
CLI_005606,mariage,2023-09-19,12_mois
CLI_005608,deces_proche,2023-01-10,12_mois
CLI_005609,deces_proche,2023-03-22,12_mois
CLI_005610,achat_immobilier,2023-04-07,12_mois
CLI_005615,deces_proche,2023-10-19,12_mois
CLI_005620,changement_emploi,2023-05-23,12_mois
CLI_005624,changement_emploi,2023-11-04,12_mois
CLI_005628,creation_entreprise,2023-01-17,12_mois
CLI_005631,changement_emploi,2023-02-01,12_mois
CLI_005637,changement_emploi,2023-02-09,12_mois
CLI_005639,deces_proche,2023-08-16,12_mois
CLI_005650,divorce,2023-06-15,12_mois
CLI_005653,changement_emploi,2023-11-06,12_mois
CLI_005654,achat_immobilier,2023-05-20,12_mois
CLI_005657,deces_proche,2023-08-31,12_mois
CLI_005671,changement_emploi,2023-03-14,12_mois
CLI_005675,divorce,2023-02-22,12_mois
CLI_005687,changement_emploi,2023-02-06,12_mois
CLI_005687,creation_entreprise,2023-06-21,12_mois
CLI_005689,changement_emploi,2023-06-02,12_mois
CLI_005689,deces_proche,2023-05-21,12_mois
CLI_005698,naissance,2023-04-08,12_mois
CLI_005708,achat_immobilier,2023-01-25,12_mois
CLI_005711,changement_emploi,2023-04-08,12_mois
CLI_005718,deces_proche,2023-02-09,12_mois
CLI_005735,deces_proche,2023-02-24,12_mois
CLI_005735,divorce,2023-07-25,12_mois
CLI_005742,naissance,2023-11-05,12_mois
CLI_005744,deces_proche,2023-04-27,12_mois
CLI_005749,achat_immobilier,2023-08-09,12_mois
CLI_005751,changement_emploi,2023-01-04,12_mois
CLI_005760,achat_immobilier,2023-06-27,12_mois
CLI_005771,achat_immobilier,2023-06-10,12_mois
CLI_005771,creation_entreprise,2023-03-02,12_mois
CLI_005772,creation_entreprise,2023-01-28,12_mois
CLI_005773,deces_proche,2023-12-15,12_mois
CLI_005778,divorce,2023-06-30,12_mois
CLI_005782,achat_immobilier,2023-10-02,12_mois
CLI_005783,changement_emploi,2023-10-24,12_mois
CLI_005785,achat_immobilier,2023-07-13,12_mois
CLI_005786,changement_emploi,2023-03-31,12_mois
CLI_005786,creation_entreprise,2023-05-13,12_mois
CLI_005806,mariage,2023-03-25,12_mois
CLI_005806,achat_immobilier,2023-12-02,12_mois
CLI_005808,divorce,2023-11-26,12_mois
CLI_005810,changement_emploi,2023-06-11,12_mois
CLI_005818,deces_proche,2023-10-14,12_mois
CLI_005820,deces_proche,2023-06-18,12_mois
CLI_005821,changement_emploi,2023-07-18,12_mois
CLI_005823,changement_emploi,2023-12-23,12_mois
CLI_005825,divorce,2023-06-24,12_mois
CLI_005829,achat_immobilier,2023-01-20,12_mois
CLI_005830,changement_emploi,2023-10-18,12_mois
CLI_005837,achat_immobilier,2023-11-16,12_mois
CLI_005841,changement_emploi,2023-12-05,12_mois
CLI_005843,divorce,2023-12-19,12_mois
CLI_005853,achat_immobilier,2023-06-24,12_mois
CLI_005854,achat_immobilier,2023-09-05,12_mois
CLI_005854,changement_emploi,2023-08-21,12_mois
CLI_005864,achat_immobilier,2023-03-19,12_mois
CLI_005866,changement_emploi,2023-09-06,12_mois
CLI_005873,changement_emploi,2023-05-23,12_mois
CLI_005884,retraite,2023-09-16,12_mois
CLI_005891,changement_emploi,2023-10-02,12_mois
CLI_005900,deces_proche,2023-10-21,12_mois
CLI_005912,retraite,2023-10-20,12_mois
CLI_005913,deces_proche,2023-04-22,12_mois
CLI_005914,changement_emploi,2023-04-12,12_mois
CLI_005916,divorce,2023-06-02,12_mois
CLI_005922,deces_proche,2023-06-14,12_mois
CLI_005924,achat_immobilier,2023-02-05,12_mois
CLI_005928,naissance,2023-08-16,12_mois
CLI_005936,changement_emploi,2023-03-01,12_mois
CLI_005940,changement_emploi,2023-10-13,12_mois
CLI_005976,changement_emploi,2023-11-08,12_mois
CLI_005976,divorce,2023-07-15,12_mois
CLI_005977,achat_immobilier,2023-11-27,12_mois
CLI_005978,deces_proche,2023-09-25,12_mois
CLI_005989,deces_proche,2023-01-22,12_mois
CLI_005996,deces_proche,2023-11-28,12_mois
CLI_006007,changement_emploi,2023-10-21,12_mois
CLI_006015,changement_emploi,2023-04-05,12_mois
CLI_006018,divorce,2023-05-13,12_mois
CLI_006026,retraite,2023-02-18,12_mois
CLI_006031,changement_emploi,2023-03-21,12_mois
CLI_006031,retraite,2023-01-17,12_mois
CLI_006050,changement_emploi,2023-02-11,12_mois
CLI_006050,divorce,2023-09-10,12_mois
CLI_006055,naissance,2023-08-13,12_mois
CLI_006071,changement_emploi,2023-11-24,12_mois
CLI_006071,creation_entreprise,2023-12-12,12_mois
CLI_006085,naissance,2023-03-17,12_mois
CLI_006092,creation_entreprise,2023-05-12,12_mois
CLI_006093,naissance,2023-12-03,12_mois
CLI_006102,achat_immobilier,2023-11-18,12_mois
CLI_006103,retraite,2023-06-12,12_mois
CLI_006105,retraite,2023-12-09,12_mois
CLI_006125,deces_proche,2023-08-01,12_mois
CLI_006129,mariage,2023-09-05,12_mois
CLI_006129,naissance,2023-07-25,12_mois
CLI_006134,naissance,2023-05-18,12_mois
CLI_006135,changement_emploi,2023-09-01,12_mois
CLI_006139,changement_emploi,2023-10-26,12_mois
CLI_006151,changement_emploi,2023-07-08,12_mois
CLI_006151,divorce,2023-01-14,12_mois
CLI_006151,creation_entreprise,2023-10-19,12_mois
CLI_006155,deces_proche,2023-10-15,12_mois
CLI_006157,achat_immobilier,2023-06-05,12_mois
CLI_006161,deces_proche,2023-09-17,12_mois
CLI_006167,changement_emploi,2023-11-23,12_mois
CLI_006173,mariage,2023-08-22,12_mois
CLI_006173,divorce,2023-02-14,12_mois
CLI_006177,deces_proche,2023-05-11,12_mois
CLI_006181,changement_emploi,2023-05-24,12_mois
CLI_006190,mariage,2023-12-26,12_mois
CLI_006194,mariage,2023-04-11,12_mois
CLI_006202,changement_emploi,2023-03-09,12_mois
CLI_006205,naissance,2023-10-19,12_mois
CLI_006225,achat_immobilier,2023-04-21,12_mois
CLI_006225,deces_proche,2023-01-05,12_mois
CLI_006228,changement_emploi,2023-01-16,12_mois
CLI_006233,achat_immobilier,2023-06-02,12_mois
CLI_006235,divorce,2023-09-28,12_mois
CLI_006245,achat_immobilier,2023-01-27,12_mois
CLI_006257,creation_entreprise,2023-03-02,12_mois
CLI_006259,changement_emploi,2023-11-14,12_mois
CLI_006262,achat_immobilier,2023-12-17,12_mois
CLI_006271,changement_emploi,2023-02-08,12_mois
CLI_006272,naissance,2023-09-11,12_mois
CLI_006272,changement_emploi,2023-12-03,12_mois
CLI_006280,achat_immobilier,2023-01-03,12_mois
CLI_006291,divorce,2023-01-02,12_mois
CLI_006292,changement_emploi,2023-08-26,12_mois
CLI_006295,changement_emploi,2023-05-22,12_mois
CLI_006309,changement_emploi,2023-06-03,12_mois
CLI_006316,divorce,2023-07-07,12_mois
CLI_006322,mariage,2023-01-30,12_mois
CLI_006329,achat_immobilier,2023-09-04,12_mois
CLI_006337,naissance,2023-04-19,12_mois
CLI_006348,changement_emploi,2023-06-16,12_mois
CLI_006348,divorce,2023-06-20,12_mois
CLI_006353,naissance,2023-10-08,12_mois
CLI_006365,achat_immobilier,2023-11-29,12_mois
CLI_006368,mariage,2023-09-17,12_mois
CLI_006370,mariage,2023-07-13,12_mois
CLI_006374,achat_immobilier,2023-11-09,12_mois
CLI_006396,achat_immobilier,2023-04-12,12_mois
CLI_006409,changement_emploi,2023-08-03,12_mois
CLI_006409,divorce,2023-08-18,12_mois
CLI_006410,changement_emploi,2023-06-17,12_mois
CLI_006425,changement_emploi,2023-08-26,12_mois
CLI_006427,achat_immobilier,2023-06-28,12_mois
CLI_006427,changement_emploi,2023-09-28,12_mois
CLI_006430,changement_emploi,2023-02-23,12_mois
CLI_006433,changement_emploi,2023-02-24,12_mois
CLI_006434,changement_emploi,2023-10-23,12_mois
CLI_006437,divorce,2023-03-11,12_mois
CLI_006439,mariage,2023-05-08,12_mois
CLI_006441,achat_immobilier,2023-05-18,12_mois
CLI_006457,achat_immobilier,2023-06-22,12_mois
CLI_006461,divorce,2023-12-14,12_mois
CLI_006462,changement_emploi,2023-10-02,12_mois
CLI_006463,naissance,2023-10-16,12_mois
CLI_006473,changement_emploi,2023-10-23,12_mois
CLI_006480,changement_emploi,2023-09-18,12_mois
CLI_006483,divorce,2023-06-01,12_mois
CLI_006486,achat_immobilier,2023-06-13,12_mois
CLI_006490,naissance,2023-08-21,12_mois
CLI_006491,achat_immobilier,2023-11-29,12_mois
CLI_006491,changement_emploi,2023-05-17,12_mois
CLI_006529,deces_proche,2023-02-18,12_mois
CLI_006547,achat_immobilier,2023-10-29,12_mois
CLI_006550,changement_emploi,2023-04-22,12_mois
CLI_006553,retraite,2023-10-22,12_mois
CLI_006555,mariage,2023-09-25,12_mois
CLI_006555,achat_immobilier,2023-06-08,12_mois
CLI_006568,changement_emploi,2023-07-30,12_mois
CLI_006586,changement_emploi,2023-08-14,12_mois
CLI_006593,divorce,2023-02-10,12_mois
CLI_006601,changement_emploi,2023-08-12,12_mois
CLI_006613,mariage,2023-10-17,12_mois
CLI_006615,deces_proche,2023-03-31,12_mois
CLI_006615,divorce,2023-09-27,12_mois
CLI_006616,changement_emploi,2023-08-07,12_mois
CLI_006620,changement_emploi,2023-12-14,12_mois
CLI_006631,naissance,2023-03-03,12_mois
CLI_006631,changement_emploi,2023-09-02,12_mois
CLI_006637,naissance,2023-01-27,12_mois
CLI_006647,changement_emploi,2023-12-11,12_mois
CLI_006648,changement_emploi,2023-05-11,12_mois
CLI_006648,creation_entreprise,2023-07-23,12_mois
CLI_006656,changement_emploi,2023-07-19,12_mois
CLI_006667,divorce,2023-08-17,12_mois
CLI_006668,deces_proche,2023-02-02,12_mois
CLI_006677,creation_entreprise,2023-04-02,12_mois
CLI_006679,mariage,2023-08-14,12_mois
CLI_006707,changement_emploi,2023-10-27,12_mois
CLI_006711,changement_emploi,2023-02-15,12_mois
CLI_006719,changement_emploi,2023-04-08,12_mois
CLI_006722,divorce,2023-09-15,12_mois
CLI_006723,naissance,2023-01-11,12_mois
CLI_006725,achat_immobilier,2023-02-22,12_mois
CLI_006727,achat_immobilier,2023-07-29,12_mois
CLI_006734,changement_emploi,2023-06-08,12_mois
CLI_006735,changement_emploi,2023-03-26,12_mois
CLI_006744,achat_immobilier,2023-04-05,12_mois
CLI_006748,changement_emploi,2023-11-15,12_mois
CLI_006775,changement_emploi,2023-05-30,12_mois
CLI_006780,achat_immobilier,2023-11-28,12_mois
CLI_006792,achat_immobilier,2023-12-02,12_mois
CLI_006792,deces_proche,2023-06-19,12_mois
CLI_006819,changement_emploi,2023-05-12,12_mois
CLI_006819,divorce,2023-05-08,12_mois
CLI_006820,changement_emploi,2023-09-21,12_mois
CLI_006824,deces_proche,2023-08-09,12_mois
CLI_006829,achat_immobilier,2023-04-19,12_mois
CLI_006831,achat_immobilier,2023-09-10,12_mois
CLI_006831,changement_emploi,2023-12-30,12_mois
CLI_006844,changement_emploi,2023-08-31,12_mois
CLI_006854,changement_emploi,2023-01-15,12_mois
CLI_006859,changement_emploi,2023-02-23,12_mois
CLI_006867,changement_emploi,2023-06-09,12_mois
CLI_006878,creation_entreprise,2023-11-18,12_mois
CLI_006889,divorce,2023-02-02,12_mois
CLI_006891,changement_emploi,2023-01-11,12_mois
CLI_006892,achat_immobilier,2023-05-11,12_mois
CLI_006902,achat_immobilier,2023-10-18,12_mois
CLI_006911,deces_proche,2023-03-19,12_mois
CLI_006917,changement_emploi,2023-12-08,12_mois
CLI_006923,achat_immobilier,2023-10-16,12_mois
CLI_006934,changement_emploi,2023-12-17,12_mois
CLI_006934,deces_proche,2023-04-27,12_mois
CLI_006937,achat_immobilier,2023-07-11,12_mois
CLI_006937,changement_emploi,2023-07-16,12_mois
CLI_006938,naissance,2023-03-29,12_mois
CLI_006939,divorce,2023-06-12,12_mois
CLI_006941,naissance,2023-01-01,12_mois
CLI_006941,changement_emploi,2023-12-07,12_mois
CLI_006944,achat_immobilier,2023-09-11,12_mois
CLI_006946,mariage,2023-06-22,12_mois
CLI_006951,achat_immobilier,2023-11-10,12_mois
CLI_006956,changement_emploi,2023-08-18,12_mois
CLI_006960,changement_emploi,2023-02-27,12_mois
CLI_006977,deces_proche,2023-06-28,12_mois
CLI_006978,changement_emploi,2023-02-10,12_mois
CLI_006979,divorce,2023-02-11,12_mois
CLI_006981,achat_immobilier,2023-07-29,12_mois
CLI_006990,deces_proche,2023-05-23,12_mois
CLI_006995,mariage,2023-10-13,12_mois
CLI_006997,achat_immobilier,2023-08-27,12_mois
CLI_007002,deces_proche,2023-04-03,12_mois
CLI_007003,changement_emploi,2023-10-16,12_mois
CLI_007006,achat_immobilier,2023-08-28,12_mois
CLI_007008,achat_immobilier,2023-04-21,12_mois
CLI_007018,divorce,2023-06-25,12_mois
CLI_007024,retraite,2023-11-15,12_mois
CLI_007025,deces_proche,2023-07-07,12_mois
CLI_007030,achat_immobilier,2023-07-20,12_mois
CLI_007038,deces_proche,2023-10-24,12_mois
CLI_007038,divorce,2023-05-17,12_mois
CLI_007042,naissance,2023-12-05,12_mois
CLI_007043,naissance,2023-10-05,12_mois
CLI_007047,divorce,2023-08-30,12_mois
CLI_007055,naissance,2023-01-20,12_mois
CLI_007060,deces_proche,2023-10-14,12_mois
CLI_007073,divorce,2023-01-11,12_mois
CLI_007074,changement_emploi,2023-04-28,12_mois
CLI_007074,creation_entreprise,2023-02-02,12_mois
CLI_007080,naissance,2023-02-20,12_mois
CLI_007081,changement_emploi,2023-11-01,12_mois
CLI_007085,changement_emploi,2023-10-22,12_mois
CLI_007090,changement_emploi,2023-06-04,12_mois
CLI_007095,achat_immobilier,2023-09-19,12_mois
CLI_007095,changement_emploi,2023-01-02,12_mois
CLI_007097,achat_immobilier,2023-10-02,12_mois
CLI_007099,changement_emploi,2023-09-15,12_mois
CLI_007103,changement_emploi,2023-12-16,12_mois
CLI_007114,divorce,2023-10-09,12_mois
CLI_007116,naissance,2023-01-28,12_mois
CLI_007118,changement_emploi,2023-08-16,12_mois
CLI_007121,divorce,2023-02-02,12_mois
CLI_007127,achat_immobilier,2023-01-05,12_mois
CLI_007130,deces_proche,2023-07-05,12_mois
CLI_007132,changement_emploi,2023-05-18,12_mois
CLI_007146,achat_immobilier,2023-01-05,12_mois
CLI_007170,achat_immobilier,2023-05-28,12_mois
CLI_007170,deces_proche,2023-06-14,12_mois
CLI_007173,changement_emploi,2023-02-17,12_mois
CLI_007176,changement_emploi,2023-04-18,12_mois
CLI_007183,deces_proche,2023-10-23,12_mois
CLI_007185,deces_proche,2023-01-01,12_mois
CLI_007187,achat_immobilier,2023-10-18,12_mois
CLI_007188,changement_emploi,2023-03-24,12_mois
CLI_007201,changement_emploi,2023-07-24,12_mois
CLI_007203,deces_proche,2023-07-05,12_mois
CLI_007207,naissance,2023-05-17,12_mois
CLI_007220,achat_immobilier,2023-08-04,12_mois
CLI_007220,divorce,2023-09-29,12_mois
CLI_007221,changement_emploi,2023-02-11,12_mois
CLI_007223,creation_entreprise,2023-09-30,12_mois
CLI_007229,mariage,2023-10-31,12_mois
CLI_007238,changement_emploi,2023-03-31,12_mois
CLI_007239,changement_emploi,2023-06-25,12_mois
CLI_007248,changement_emploi,2023-01-06,12_mois
CLI_007261,changement_emploi,2023-07-11,12_mois
CLI_007262,achat_immobilier,2023-09-30,12_mois
CLI_007267,deces_proche,2023-07-06,12_mois
CLI_007272,changement_emploi,2023-11-25,12_mois
CLI_007275,deces_proche,2023-06-28,12_mois
CLI_007283,deces_proche,2023-12-15,12_mois
CLI_007295,divorce,2023-08-29,12_mois
CLI_007311,changement_emploi,2023-06-19,12_mois
CLI_007312,achat_immobilier,2023-10-15,12_mois
CLI_007322,naissance,2023-10-29,12_mois
CLI_007323,creation_entreprise,2023-02-16,12_mois
CLI_007333,mariage,2023-03-05,12_mois
CLI_007333,changement_emploi,2023-01-24,12_mois
CLI_007339,naissance,2023-12-02,12_mois
CLI_007341,deces_proche,2023-02-19,12_mois
CLI_007342,changement_emploi,2023-03-19,12_mois
CLI_007344,changement_emploi,2023-06-18,12_mois
CLI_007345,changement_emploi,2023-07-25,12_mois
CLI_007360,changement_emploi,2023-06-04,12_mois
CLI_007366,changement_emploi,2023-06-21,12_mois
CLI_007384,changement_emploi,2023-11-13,12_mois
CLI_007385,changement_emploi,2023-11-18,12_mois
CLI_007387,divorce,2023-03-01,12_mois
CLI_007390,achat_immobilier,2023-09-13,12_mois
CLI_007395,deces_proche,2023-11-21,12_mois
CLI_007397,naissance,2023-12-25,12_mois
CLI_007399,divorce,2023-02-05,12_mois
CLI_007404,divorce,2023-01-22,12_mois
CLI_007413,changement_emploi,2023-12-31,12_mois
CLI_007414,changement_emploi,2023-06-19,12_mois
CLI_007416,changement_emploi,2023-08-08,12_mois
CLI_007421,deces_proche,2023-05-21,12_mois
CLI_007426,changement_emploi,2023-10-04,12_mois
CLI_007438,naissance,2023-10-29,12_mois
CLI_007438,deces_proche,2023-06-08,12_mois
CLI_007439,divorce,2023-05-14,12_mois
CLI_007440,changement_emploi,2023-07-02,12_mois
CLI_007441,changement_emploi,2023-10-22,12_mois
CLI_007447,changement_emploi,2023-05-10,12_mois
CLI_007459,mariage,2023-04-05,12_mois
CLI_007474,changement_emploi,2023-12-05,12_mois
CLI_007476,mariage,2023-08-20,12_mois
CLI_007480,achat_immobilier,2023-12-10,12_mois
CLI_007492,changement_emploi,2023-10-10,12_mois
CLI_007492,divorce,2023-04-20,12_mois
CLI_007494,deces_proche,2023-04-23,12_mois
CLI_007495,changement_emploi,2023-11-25,12_mois
CLI_007497,deces_proche,2023-05-16,12_mois
CLI_007510,deces_proche,2023-12-29,12_mois
CLI_007516,naissance,2023-12-24,12_mois
CLI_007519,deces_proche,2023-05-29,12_mois
CLI_007520,mariage,2023-01-13,12_mois
CLI_007522,achat_immobilier,2023-01-14,12_mois
CLI_007530,changement_emploi,2023-10-18,12_mois
CLI_007530,divorce,2023-09-18,12_mois
CLI_007531,changement_emploi,2023-07-21,12_mois
CLI_007532,divorce,2023-10-28,12_mois
CLI_007539,changement_emploi,2023-04-13,12_mois
CLI_007548,divorce,2023-12-13,12_mois
CLI_007560,naissance,2023-06-07,12_mois
CLI_007560,achat_immobilier,2023-09-23,12_mois
CLI_007582,changement_emploi,2023-10-23,12_mois
CLI_007586,deces_proche,2023-03-18,12_mois
CLI_007587,achat_immobilier,2023-10-05,12_mois
CLI_007589,divorce,2023-11-22,12_mois
CLI_007590,achat_immobilier,2023-02-18,12_mois
CLI_007597,changement_emploi,2023-10-25,12_mois
CLI_007603,achat_immobilier,2023-09-06,12_mois
CLI_007609,deces_proche,2023-05-22,12_mois
CLI_007611,deces_proche,2023-05-11,12_mois
CLI_007622,changement_emploi,2023-01-23,12_mois
CLI_007631,changement_emploi,2023-12-29,12_mois
CLI_007631,divorce,2023-05-05,12_mois
CLI_007641,changement_emploi,2023-05-06,12_mois
CLI_007643,deces_proche,2023-11-22,12_mois
CLI_007647,changement_emploi,2023-11-27,12_mois
CLI_007649,naissance,2023-01-09,12_mois
CLI_007649,achat_immobilier,2023-06-25,12_mois
CLI_007652,achat_immobilier,2023-07-05,12_mois
CLI_007665,changement_emploi,2023-05-11,12_mois
CLI_007675,changement_emploi,2023-01-21,12_mois
CLI_007692,changement_emploi,2023-07-08,12_mois
CLI_007695,naissance,2023-06-26,12_mois
CLI_007700,changement_emploi,2023-05-18,12_mois
CLI_007717,deces_proche,2023-01-25,12_mois
CLI_007718,changement_emploi,2023-07-12,12_mois
CLI_007751,creation_entreprise,2023-09-27,12_mois
CLI_007763,achat_immobilier,2023-12-15,12_mois
CLI_007765,mariage,2023-02-23,12_mois
CLI_007770,deces_proche,2023-10-11,12_mois
CLI_007776,changement_emploi,2023-03-11,12_mois
CLI_007777,divorce,2023-05-06,12_mois
CLI_007778,changement_emploi,2023-03-27,12_mois
CLI_007779,achat_immobilier,2023-10-16,12_mois
CLI_007783,creation_entreprise,2023-08-18,12_mois
CLI_007785,changement_emploi,2023-05-13,12_mois
CLI_007790,naissance,2023-04-18,12_mois
CLI_007791,creation_entreprise,2023-02-03,12_mois
CLI_007792,deces_proche,2023-07-02,12_mois
CLI_007796,mariage,2023-10-01,12_mois
CLI_007797,naissance,2023-08-23,12_mois
CLI_007806,naissance,2023-07-02,12_mois
CLI_007809,changement_emploi,2023-06-07,12_mois
CLI_007830,naissance,2023-11-04,12_mois
CLI_007833,deces_proche,2023-05-06,12_mois
CLI_007848,naissance,2023-03-17,12_mois
CLI_007849,deces_proche,2023-07-11,12_mois
CLI_007854,achat_immobilier,2023-09-28,12_mois
CLI_007857,achat_immobilier,2023-01-28,12_mois
CLI_007860,changement_emploi,2023-11-01,12_mois
CLI_007863,changement_emploi,2023-01-21,12_mois
CLI_007865,changement_emploi,2023-01-15,12_mois
CLI_007865,deces_proche,2023-02-08,12_mois
CLI_007866,deces_proche,2023-12-23,12_mois
CLI_007868,changement_emploi,2023-01-31,12_mois
CLI_007883,deces_proche,2023-06-09,12_mois
CLI_007887,deces_proche,2023-09-14,12_mois
CLI_007889,deces_proche,2023-06-12,12_mois
CLI_007891,naissance,2023-09-21,12_mois
CLI_007897,changement_emploi,2023-04-11,12_mois
CLI_007901,naissance,2023-10-25,12_mois
CLI_007902,achat_immobilier,2023-03-13,12_mois
CLI_007910,divorce,2023-07-06,12_mois
CLI_007916,changement_emploi,2023-02-22,12_mois
CLI_007918,naissance,2023-07-28,12_mois
CLI_007926,achat_immobilier,2023-08-31,12_mois
CLI_007926,creation_entreprise,2023-11-19,12_mois
CLI_007942,naissance,2023-02-28,12_mois
CLI_007942,achat_immobilier,2023-03-19,12_mois
CLI_007946,changement_emploi,2023-06-17,12_mois
CLI_007949,changement_emploi,2023-09-30,12_mois
CLI_007950,changement_emploi,2023-10-28,12_mois
CLI_007958,achat_immobilier,2023-03-15,12_mois
CLI_007962,changement_emploi,2023-03-10,12_mois
CLI_007972,changement_emploi,2023-04-28,12_mois
CLI_007979,retraite,2023-01-28,12_mois
CLI_007989,changement_emploi,2023-11-04,12_mois
CLI_007993,mariage,2023-08-29,12_mois
CLI_007996,changement_emploi,2023-12-26,12_mois
CLI_008003,mariage,2023-08-22,12_mois
CLI_008013,changement_emploi,2023-11-29,12_mois
CLI_008029,achat_immobilier,2023-10-30,12_mois
CLI_008035,deces_proche,2023-08-30,12_mois
CLI_008059,changement_emploi,2023-01-27,12_mois
CLI_008061,changement_emploi,2023-07-24,12_mois
CLI_008069,achat_immobilier,2023-06-13,12_mois
CLI_008072,changement_emploi,2023-08-30,12_mois
CLI_008073,deces_proche,2023-02-02,12_mois
CLI_008074,deces_proche,2023-10-25,12_mois
CLI_008075,deces_proche,2023-06-29,12_mois
CLI_008080,achat_immobilier,2023-07-13,12_mois
CLI_008083,changement_emploi,2023-12-19,12_mois
CLI_008088,mariage,2023-10-06,12_mois
CLI_008090,changement_emploi,2023-09-17,12_mois
CLI_008091,mariage,2023-09-05,12_mois
CLI_008106,mariage,2023-11-02,12_mois
CLI_008118,deces_proche,2023-01-18,12_mois
CLI_008123,changement_emploi,2023-05-23,12_mois
CLI_008129,divorce,2023-08-10,12_mois
CLI_008141,divorce,2023-11-19,12_mois
CLI_008149,changement_emploi,2023-09-24,12_mois
CLI_008153,deces_proche,2023-12-12,12_mois
CLI_008154,naissance,2023-04-25,12_mois
CLI_008156,changement_emploi,2023-12-10,12_mois
CLI_008156,divorce,2023-10-08,12_mois
CLI_008158,divorce,2023-08-07,12_mois
CLI_008160,naissance,2023-07-28,12_mois
CLI_008160,changement_emploi,2023-07-27,12_mois
CLI_008168,deces_proche,2023-03-27,12_mois
CLI_008182,deces_proche,2023-06-18,12_mois
CLI_008188,mariage,2023-05-11,12_mois
CLI_008189,achat_immobilier,2023-06-02,12_mois
CLI_008191,achat_immobilier,2023-07-09,12_mois
CLI_008191,divorce,2023-05-31,12_mois
CLI_008197,achat_immobilier,2023-10-17,12_mois
CLI_008198,achat_immobilier,2023-04-05,12_mois
CLI_008199,naissance,2023-08-05,12_mois
CLI_008207,changement_emploi,2023-10-01,12_mois
CLI_008209,changement_emploi,2023-04-01,12_mois
CLI_008211,changement_emploi,2023-08-21,12_mois
CLI_008225,changement_emploi,2023-01-21,12_mois
CLI_008231,changement_emploi,2023-09-21,12_mois
CLI_008241,achat_immobilier,2023-02-14,12_mois
CLI_008245,naissance,2023-08-05,12_mois
CLI_008248,achat_immobilier,2023-03-07,12_mois
CLI_008255,changement_emploi,2023-09-22,12_mois
CLI_008262,changement_emploi,2023-07-21,12_mois
CLI_008263,deces_proche,2023-05-16,12_mois
CLI_008264,changement_emploi,2023-12-20,12_mois
CLI_008264,creation_entreprise,2023-01-11,12_mois
CLI_008267,achat_immobilier,2023-08-01,12_mois
CLI_008268,mariage,2023-10-07,12_mois
CLI_008279,changement_emploi,2023-04-16,12_mois
CLI_008281,naissance,2023-07-11,12_mois
CLI_008295,achat_immobilier,2023-04-26,12_mois
CLI_008302,achat_immobilier,2023-01-25,12_mois
CLI_008303,changement_emploi,2023-05-17,12_mois
CLI_008309,achat_immobilier,2023-07-21,12_mois
CLI_008309,deces_proche,2023-04-29,12_mois
CLI_008311,achat_immobilier,2023-08-13,12_mois
CLI_008337,retraite,2023-11-29,12_mois
CLI_008340,deces_proche,2023-03-16,12_mois
CLI_008345,deces_proche,2023-12-01,12_mois
CLI_008346,changement_emploi,2023-02-06,12_mois
CLI_008352,achat_immobilier,2023-10-05,12_mois
CLI_008369,divorce,2023-01-04,12_mois
CLI_008377,changement_emploi,2023-04-23,12_mois
CLI_008381,naissance,2023-08-21,12_mois
CLI_008383,naissance,2023-08-26,12_mois
CLI_008387,achat_immobilier,2023-09-21,12_mois
CLI_008394,achat_immobilier,2023-07-26,12_mois
CLI_008399,achat_immobilier,2023-01-16,12_mois
CLI_008404,changement_emploi,2023-04-10,12_mois
CLI_008414,creation_entreprise,2023-11-29,12_mois
CLI_008421,naissance,2023-01-24,12_mois
CLI_008423,achat_immobilier,2023-08-06,12_mois
CLI_008423,deces_proche,2023-06-23,12_mois
CLI_008443,naissance,2023-11-30,12_mois
CLI_008448,retraite,2023-08-02,12_mois
CLI_008469,changement_emploi,2023-07-02,12_mois
CLI_008477,deces_proche,2023-10-22,12_mois
CLI_008485,creation_entreprise,2023-12-18,12_mois
CLI_008492,deces_proche,2023-05-20,12_mois
CLI_008509,changement_emploi,2023-10-18,12_mois
CLI_008511,changement_emploi,2023-04-13,12_mois
CLI_008515,naissance,2023-05-08,12_mois
CLI_008518,changement_emploi,2023-10-08,12_mois
CLI_008551,divorce,2023-06-17,12_mois
CLI_008578,achat_immobilier,2023-07-31,12_mois
CLI_008584,changement_emploi,2023-02-21,12_mois
CLI_008586,achat_immobilier,2023-08-27,12_mois
CLI_008589,changement_emploi,2023-08-18,12_mois
CLI_008612,naissance,2023-01-25,12_mois
CLI_008616,divorce,2023-09-05,12_mois
CLI_008619,changement_emploi,2023-06-17,12_mois
CLI_008621,changement_emploi,2023-05-19,12_mois
CLI_008626,changement_emploi,2023-08-28,12_mois
CLI_008632,naissance,2023-07-16,12_mois
CLI_008633,creation_entreprise,2023-01-30,12_mois
CLI_008634,changement_emploi,2023-07-16,12_mois
CLI_008650,mariage,2023-01-26,12_mois
CLI_008655,deces_proche,2023-02-27,12_mois
CLI_008664,naissance,2023-09-05,12_mois
CLI_008681,divorce,2023-05-02,12_mois
CLI_008682,changement_emploi,2023-10-11,12_mois
CLI_008686,creation_entreprise,2023-04-19,12_mois
CLI_008698,changement_emploi,2023-06-16,12_mois
CLI_008703,divorce,2023-05-03,12_mois
CLI_008710,creation_entreprise,2023-08-29,12_mois
CLI_008711,naissance,2023-11-26,12_mois
CLI_008717,achat_immobilier,2023-08-09,12_mois
CLI_008727,divorce,2023-10-07,12_mois
CLI_008730,creation_entreprise,2023-05-22,12_mois
CLI_008737,achat_immobilier,2023-07-27,12_mois
CLI_008747,achat_immobilier,2023-11-29,12_mois
CLI_008751,achat_immobilier,2023-01-04,12_mois
CLI_008755,changement_emploi,2023-08-15,12_mois
CLI_008759,naissance,2023-11-21,12_mois
CLI_008763,changement_emploi,2023-08-01,12_mois
CLI_008771,achat_immobilier,2023-08-04,12_mois
CLI_008771,changement_emploi,2023-01-08,12_mois
CLI_008771,creation_entreprise,2023-05-23,12_mois
CLI_008772,naissance,2023-03-05,12_mois
CLI_008772,divorce,2023-09-14,12_mois
CLI_008781,naissance,2023-02-21,12_mois
CLI_008804,achat_immobilier,2023-12-28,12_mois
CLI_008804,changement_emploi,2023-01-10,12_mois
CLI_008806,deces_proche,2023-05-04,12_mois
CLI_008815,naissance,2023-12-18,12_mois
CLI_008816,changement_emploi,2023-03-01,12_mois
CLI_008817,changement_emploi,2023-05-10,12_mois
CLI_008830,changement_emploi,2023-02-05,12_mois
CLI_008835,divorce,2023-08-21,12_mois
CLI_008841,retraite,2023-11-16,12_mois
CLI_008848,changement_emploi,2023-10-07,12_mois
CLI_008851,creation_entreprise,2023-01-14,12_mois
CLI_008858,achat_immobilier,2023-08-29,12_mois
CLI_008859,changement_emploi,2023-09-07,12_mois
CLI_008861,changement_emploi,2023-11-25,12_mois
CLI_008869,changement_emploi,2023-01-05,12_mois
CLI_008877,changement_emploi,2023-12-09,12_mois
CLI_008880,changement_emploi,2023-04-07,12_mois
CLI_008893,changement_emploi,2023-03-16,12_mois
CLI_008894,changement_emploi,2023-11-30,12_mois
CLI_008895,divorce,2023-03-21,12_mois
CLI_008898,deces_proche,2023-05-04,12_mois
CLI_008901,achat_immobilier,2023-08-24,12_mois
CLI_008914,changement_emploi,2023-09-09,12_mois
CLI_008918,changement_emploi,2023-12-19,12_mois
CLI_008920,deces_proche,2023-11-18,12_mois
CLI_008923,achat_immobilier,2023-04-19,12_mois
CLI_008928,naissance,2023-01-08,12_mois
CLI_008943,changement_emploi,2023-11-09,12_mois
CLI_008953,changement_emploi,2023-06-16,12_mois
CLI_008957,achat_immobilier,2023-03-28,12_mois
CLI_008960,achat_immobilier,2023-03-22,12_mois
CLI_008964,naissance,2023-06-26,12_mois
CLI_008975,divorce,2023-01-11,12_mois
CLI_008976,deces_proche,2023-10-25,12_mois
CLI_008979,changement_emploi,2023-09-03,12_mois
CLI_008985,naissance,2023-08-14,12_mois
CLI_008994,changement_emploi,2023-11-20,12_mois
CLI_008999,divorce,2023-09-06,12_mois
CLI_009008,divorce,2023-03-13,12_mois
CLI_009009,achat_immobilier,2023-04-04,12_mois
CLI_009014,achat_immobilier,2023-02-16,12_mois
CLI_009018,deces_proche,2023-07-27,12_mois
CLI_009024,deces_proche,2023-08-22,12_mois
CLI_009025,achat_immobilier,2023-08-14,12_mois
CLI_009027,achat_immobilier,2023-03-08,12_mois
CLI_009044,divorce,2023-04-10,12_mois
CLI_009045,achat_immobilier,2023-09-28,12_mois
CLI_009048,creation_entreprise,2023-01-01,12_mois
CLI_009060,achat_immobilier,2023-08-14,12_mois
CLI_009061,achat_immobilier,2023-02-25,12_mois
CLI_009072,changement_emploi,2023-04-18,12_mois
CLI_009075,changement_emploi,2023-10-21,12_mois
CLI_009077,achat_immobilier,2023-08-16,12_mois
CLI_009081,changement_emploi,2023-10-13,12_mois
CLI_009085,achat_immobilier,2023-11-27,12_mois
CLI_009095,changement_emploi,2023-08-13,12_mois
CLI_009105,changement_emploi,2023-12-11,12_mois
CLI_009113,achat_immobilier,2023-04-29,12_mois
CLI_009119,naissance,2023-09-11,12_mois
CLI_009123,changement_emploi,2023-11-23,12_mois
CLI_009125,achat_immobilier,2023-04-07,12_mois
CLI_009138,divorce,2023-05-06,12_mois
CLI_009147,deces_proche,2023-06-16,12_mois
CLI_009151,deces_proche,2023-08-04,12_mois
CLI_009154,naissance,2023-01-06,12_mois
CLI_009177,naissance,2023-04-16,12_mois
CLI_009181,changement_emploi,2023-06-28,12_mois
CLI_009184,mariage,2023-07-23,12_mois
CLI_009187,achat_immobilier,2023-11-21,12_mois
CLI_009191,creation_entreprise,2023-06-07,12_mois
CLI_009203,mariage,2023-03-19,12_mois
CLI_009208,naissance,2023-02-21,12_mois
CLI_009211,retraite,2023-12-19,12_mois
CLI_009212,changement_emploi,2023-02-01,12_mois
CLI_009214,achat_immobilier,2023-07-11,12_mois
CLI_009217,achat_immobilier,2023-11-17,12_mois
CLI_009222,changement_emploi,2023-01-15,12_mois
CLI_009227,changement_emploi,2023-10-03,12_mois
CLI_009231,divorce,2023-12-13,12_mois
CLI_009234,achat_immobilier,2023-01-09,12_mois
CLI_009244,changement_emploi,2023-11-02,12_mois
CLI_009254,changement_emploi,2023-03-24,12_mois
CLI_009257,mariage,2023-09-26,12_mois
CLI_009258,deces_proche,2023-10-22,12_mois
CLI_009260,deces_proche,2023-07-26,12_mois
CLI_009265,changement_emploi,2023-09-03,12_mois
CLI_009268,changement_emploi,2023-11-19,12_mois
CLI_009269,changement_emploi,2023-01-13,12_mois
CLI_009272,changement_emploi,2023-09-22,12_mois
CLI_009274,changement_emploi,2023-11-04,12_mois
CLI_009278,changement_emploi,2023-07-27,12_mois
CLI_009278,creation_entreprise,2023-11-08,12_mois
CLI_009280,deces_proche,2023-06-07,12_mois
CLI_009281,achat_immobilier,2023-04-12,12_mois
CLI_009281,changement_emploi,2023-08-11,12_mois
CLI_009290,achat_immobilier,2023-12-17,12_mois
CLI_009294,changement_emploi,2023-06-11,12_mois
CLI_009297,changement_emploi,2023-08-01,12_mois
CLI_009301,deces_proche,2023-01-06,12_mois
CLI_009309,changement_emploi,2023-08-29,12_mois
CLI_009311,achat_immobilier,2023-10-16,12_mois
CLI_009320,divorce,2023-05-15,12_mois
CLI_009323,deces_proche,2023-06-21,12_mois
CLI_009327,changement_emploi,2023-02-25,12_mois
CLI_009328,deces_proche,2023-11-27,12_mois
CLI_009335,changement_emploi,2023-09-21,12_mois
CLI_009336,retraite,2023-10-24,12_mois
CLI_009339,deces_proche,2023-11-15,12_mois
CLI_009342,changement_emploi,2023-09-20,12_mois
CLI_009346,deces_proche,2023-07-23,12_mois
CLI_009347,mariage,2023-06-16,12_mois
CLI_009348,achat_immobilier,2023-04-12,12_mois
CLI_009350,changement_emploi,2023-03-06,12_mois
CLI_009363,naissance,2023-02-10,12_mois
CLI_009367,achat_immobilier,2023-12-10,12_mois
CLI_009370,changement_emploi,2023-08-05,12_mois
CLI_009371,divorce,2023-05-10,12_mois
CLI_009372,changement_emploi,2023-05-16,12_mois
CLI_009389,changement_emploi,2023-08-16,12_mois
CLI_009397,achat_immobilier,2023-01-26,12_mois
CLI_009406,changement_emploi,2023-12-09,12_mois
CLI_009406,divorce,2023-08-21,12_mois
CLI_009407,achat_immobilier,2023-01-09,12_mois
CLI_009407,creation_entreprise,2023-12-01,12_mois
CLI_009416,naissance,2023-02-14,12_mois
CLI_009428,changement_emploi,2023-03-30,12_mois
CLI_009434,changement_emploi,2023-04-08,12_mois
CLI_009436,creation_entreprise,2023-01-08,12_mois
CLI_009439,achat_immobilier,2023-12-11,12_mois
CLI_009450,changement_emploi,2023-03-04,12_mois
CLI_009453,changement_emploi,2023-10-05,12_mois
CLI_009458,changement_emploi,2023-01-15,12_mois
CLI_009459,deces_proche,2023-07-03,12_mois
CLI_009465,deces_proche,2023-09-28,12_mois
CLI_009468,changement_emploi,2023-06-27,12_mois
CLI_009485,achat_immobilier,2023-10-22,12_mois
CLI_009487,deces_proche,2023-06-07,12_mois
CLI_009491,changement_emploi,2023-06-19,12_mois
CLI_009505,naissance,2023-11-02,12_mois
CLI_009512,divorce,2023-08-06,12_mois
CLI_009517,achat_immobilier,2023-02-18,12_mois
CLI_009518,naissance,2023-02-08,12_mois
CLI_009520,changement_emploi,2023-09-21,12_mois
CLI_009521,deces_proche,2023-03-06,12_mois
CLI_009527,changement_emploi,2023-11-26,12_mois
CLI_009535,achat_immobilier,2023-02-24,12_mois
CLI_009545,divorce,2023-05-24,12_mois
CLI_009550,retraite,2023-08-16,12_mois
CLI_009557,achat_immobilier,2023-06-20,12_mois
CLI_009562,changement_emploi,2023-10-12,12_mois
CLI_009563,naissance,2023-09-24,12_mois
CLI_009572,naissance,2023-04-13,12_mois
CLI_009596,deces_proche,2023-07-31,12_mois
CLI_009599,deces_proche,2023-05-30,12_mois
CLI_009608,achat_immobilier,2023-03-21,12_mois
CLI_009614,divorce,2023-02-01,12_mois
CLI_009627,divorce,2023-08-15,12_mois
CLI_009635,divorce,2023-01-12,12_mois
CLI_009637,retraite,2023-07-24,12_mois
CLI_009645,changement_emploi,2023-03-31,12_mois
CLI_009648,changement_emploi,2023-02-09,12_mois
CLI_009654,achat_immobilier,2023-09-19,12_mois
CLI_009658,deces_proche,2023-10-26,12_mois
CLI_009664,naissance,2023-12-01,12_mois
CLI_009664,changement_emploi,2023-01-14,12_mois
CLI_009666,achat_immobilier,2023-05-30,12_mois
CLI_009667,changement_emploi,2023-06-29,12_mois
CLI_009671,changement_emploi,2023-04-30,12_mois
CLI_009680,achat_immobilier,2023-01-06,12_mois
CLI_009685,achat_immobilier,2023-10-23,12_mois
CLI_009688,achat_immobilier,2023-03-15,12_mois
CLI_009693,deces_proche,2023-02-04,12_mois
CLI_009694,changement_emploi,2023-07-07,12_mois
CLI_009698,achat_immobilier,2023-12-05,12_mois
CLI_009733,achat_immobilier,2023-01-03,12_mois
CLI_009733,changement_emploi,2023-07-01,12_mois
CLI_009753,creation_entreprise,2023-06-07,12_mois
CLI_009760,naissance,2023-10-06,12_mois
CLI_009762,creation_entreprise,2023-05-09,12_mois
CLI_009766,naissance,2023-10-30,12_mois
CLI_009775,deces_proche,2023-09-28,12_mois
CLI_009791,changement_emploi,2023-11-18,12_mois
CLI_009799,changement_emploi,2023-07-28,12_mois
CLI_009813,changement_emploi,2023-11-07,12_mois
CLI_009838,achat_immobilier,2023-09-10,12_mois
CLI_009838,changement_emploi,2023-08-02,12_mois
CLI_009839,changement_emploi,2023-10-30,12_mois
CLI_009839,creation_entreprise,2023-07-14,12_mois
CLI_009841,changement_emploi,2023-07-19,12_mois
CLI_009845,achat_immobilier,2023-06-02,12_mois
CLI_009848,retraite,2023-09-04,12_mois
CLI_009851,changement_emploi,2023-07-29,12_mois
CLI_009852,changement_emploi,2023-09-17,12_mois
CLI_009854,achat_immobilier,2023-02-22,12_mois
CLI_009855,changement_emploi,2023-08-10,12_mois
CLI_009863,changement_emploi,2023-03-15,12_mois
CLI_009867,changement_emploi,2023-10-09,12_mois
CLI_009879,changement_emploi,2023-08-20,12_mois
CLI_009882,changement_emploi,2023-10-28,12_mois
CLI_009888,deces_proche,2023-12-29,12_mois
CLI_009894,achat_immobilier,2023-11-14,12_mois
CLI_009896,naissance,2023-05-31,12_mois
CLI_009900,achat_immobilier,2023-07-27,12_mois
CLI_009901,mariage,2023-08-28,12_mois
CLI_009903,naissance,2023-09-02,12_mois
CLI_009912,changement_emploi,2023-04-03,12_mois
CLI_009912,retraite,2023-10-15,12_mois
CLI_009921,changement_emploi,2023-07-11,12_mois
CLI_009926,achat_immobilier,2023-02-22,12_mois
CLI_009943,changement_emploi,2023-07-19,12_mois
CLI_009947,changement_emploi,2023-07-27,12_mois
CLI_009956,mariage,2023-03-26,12_mois
CLI_009958,mariage,2023-08-08,12_mois
CLI_009963,naissance,2023-07-22,12_mois
CLI_009963,achat_immobilier,2023-01-31,12_mois
CLI_009966,changement_emploi,2023-06-13,12_mois
CLI_009975,changement_emploi,2023-02-21,12_mois
CLI_009977,changement_emploi,2023-03-06,12_mois
CLI_009989,deces_proche,2023-06-26,12_mois
CLI_009994,changement_emploi,2023-08-07,12_mois
